category,mutation,time,selection
CTL,T413N,129,0.05158298
CTL,T415K,71,0.04815278
CTL,T413I,23,0.034249808
CTL,S410N,23,0.03083442
CTL,T411K,29,0.02745993
CTL,H417R,23,0.026312254
CTL,H417P,183,0.025379922
CTL,T413P,183,0.020378719
CTL,S410T,113,0.018345824
CTL,H417-,183,0.0177269056
CTL,T415I,23,0.015396621
CTL,T411I,23,0.0143426753
CTL,T411S,183,0.013482244599999998
CTL,H417N,43,0.012395917
CTL,N412D,1431,0.011768309
CTL,T411N,113,0.009296022
CTL,I414V,43,0.007590183
CTL,T413D,183,0.007509970999999999
CTL,T411A,23,0.007293551
CTL,E409G,1431,0.007214089
CTL,R412Q,23,0.006927077
CTL,H417-,183,0.0055328315999999995
CTL,N409E,113,0.00519481
CTL,R412T,183,0.0037219039000000002
CTL,N409A,183,0.0029995583
CTL,N409E,113,0.002791927
CTL,T411S,183,0.0027871313
CTL,H417Y,29,0.002554011
CTL,R412N,1093,0.0005012138000000001
CTL,I416-,183,-0.0014309624
CTL,I416L,23,-0.0014712135
CTL,T415-,183,-0.0018294294000000002
CTL,I414T,1668,-0.0033071585
CTL,H417-,183,-0.0033737784
CTL,S410E,1093,-0.0034123277
CTL,T415-,183,-0.0039880639999999995
CTL,N409A,183,-0.004268879
CTL,T410P,1431,-0.004649025
CTL,I416-,183,-0.004886077399999999
CTL,I414M,183,-0.0056005075999999996
CTL,T413D,183,-0.005716044
CTL,S410E,1093,-0.007921434
CTL,I416-,183,-0.0165511044
CH103,-461S,1093,0.015589149
CH103,-461G,183,0.011915964000000001
CH103,-461T,925,0.011679893
CH103,-461N,183,0.008418390000000001
CH103,-461G,183,0.0055422810000000005
CH103,-461T,925,0.0048162327
CH103,-460K,183,0.004456364
CH103,-460G,183,0.004412028
CH103,-460G,183,0.0029079418
CH103,-460T,1093,0.002634567
CH103,-461N,183,0.0018716790000000002
CH103,-460G/K,183,0.0017793486
CH103,-461N,183,0.0011715660000000002
CH103,-460K,183,0.0009298020000000002
CH103,-461G,183,-0.00022337499999999962
CH103,S365P,36,-0.0006350761000000001
CH235,V281D,183,0.056617810000000005
CH235,V281A,23,0.019871017
CH235,T234N,183,0.018571563
CH235,V281G,36,0.014472107000000001
CH235,N280S,183,0.008295851
CH235,N280T,183,0.0020269108
CH235,E275K,519,-0.004818080000000001
autologous,N334S,113,0.08919136999999999
autologous,K302N,183,0.0374361
autologous,Y330H,129,0.03275226
autologous,H417R,23,0.026312254
autologous,-146M,343,0.019724241
autologous,-146S,113,0.016039347
autologous,-147N,113,0.013458276
autologous,-139A,113,0.013312963
autologous,-142C,183,0.012014091
autologous,-139T,113,0.011591362000000001
autologous,-139C,183,0.01082042
autologous,-146S,113,0.010205169
autologous,N462S,925,0.009957395
autologous,-142N,183,0.009576735
autologous,-147N,113,0.008822213
autologous,-146T,519,0.008491049
autologous,-142A,183,0.00846589
autologous,-142A,183,0.008326090000000001
autologous,-140T,113,0.008070064
autologous,-142A,519,0.007942672
autologous,-147N,113,0.007316063
autologous,-139T,113,0.007220535
autologous,-142A,183,0.006791786
autologous,-142A,519,0.006744647
autologous,-140A,129,0.006720736
autologous,-142N,183,0.005694365
autologous,-141I/N,183,0.0051132379
autologous,-142C,183,0.004788181
autologous,-142C,183,0.004640823
autologous,-139A/T,113,0.004637174000000001
autologous,-142A/S,519,0.004488056000000001
autologous,-142N,183,0.0044782220000000005
autologous,-142A,519,0.004357823
autologous,-142A,519,0.004219372
autologous,-140A,129,0.003922925
autologous,N279D,183,0.0038919739
autologous,-141N,183,0.0038709518999999995
autologous,-142N,183,0.003772184
autologous,-142T,183,0.003707918
autologous,-142N,183,0.0036433279
autologous,-140V,925,0.0030377194
autologous,-142I,1204,0.002831163
autologous,-144V,925,0.0026650589
autologous,-139A,113,0.002595051
autologous,-142A/S,519,0.0025290240000000004
autologous,-141I,183,0.0024511288999999998
autologous,-142A,519,0.0023634202
autologous,-142I,343,0.002363257
autologous,-141I,183,0.0022209329
autologous,-142S,519,0.0018733378000000001
autologous,-142N,343,0.001440608
autologous,-142T,183,0.0014031472999999999
autologous,-143A,183,0.000850885
autologous,-143S,519,0.0008238620000000003
autologous,-144A/S,519,0.0008073908999999999
autologous,-142S,519,0.0006779513000000001
autologous,-145A,113,0.00044459700000000013
autologous,N130D,519,0.00040297019999999996
autologous,-142N,519,0.0003477390000000001
autologous,-142N/S,519,0.000332843
autologous,-142I,343,0.00032195399999999995
autologous,-142N,519,0.0002315310000000001
autologous,-144T,113,0.00011959729999999998
autologous,-144E,343,5.058059999999998e-5
autologous,-143S,519,1.6990000000000147e-5
autologous,-144E,343,-0.0007163717
autologous,-143A,183,-0.0007876639999999999
autologous,-142I,343,-0.0008348190000000001
autologous,-146S,113,-0.0008750629999999997
autologous,-144S,519,-0.0010182405
autologous,-141A/S,343,-0.0012493709
autologous,-140N,113,-0.0012621869999999997
autologous,-142T,183,-0.001312945
autologous,-141A,113,-0.0014643841
autologous,-143A,183,-0.0015531028999999999
autologous,-144E,343,-0.0015639311
autologous,-142I,519,-0.0015736530000000002
autologous,-142H,1668,-0.0015864030000000001
autologous,-142T,519,-0.0016946998000000003
autologous,-142T,519,-0.0018941903000000001
autologous,-142N,183,-0.00197647
autologous,-145A,113,-0.0020656273
autologous,-143N,519,-0.0021186468
autologous,-142S,343,-0.0021980965000000002
autologous,-141A,113,-0.0023003271
autologous,-145G,343,-0.0025446546
autologous,-143I,343,-0.002765189
autologous,-144T,113,-0.0034901501
autologous,-144T,113,-0.0035704161
autologous,-145A,113,-0.003667151
autologous,-142A,519,-0.0036865744000000003
autologous,-142S,343,-0.0037200639000000003
autologous,-143I,343,-0.003844046
autologous,-143I,343,-0.004189078
autologous,-145G,343,-0.004452737
autologous,-142I,343,-0.004602942
autologous,-142N,925,-0.00461531
autologous,-142A,519,-0.0047714590000000005
autologous,-142A,519,-0.004828914
autologous,-142I/N,343,-0.0056561039999999995
autologous,-141A,113,-0.0059700451
autologous,-141S,343,-0.0066504471
autologous,-142S,343,-0.0067121030000000005
autologous,-142A/T,519,-0.007134998
glycan,N334S,113,0.08919136999999999
glycan,T162I,129,0.054003579999999995
glycan,T413N,129,0.05158298
glycan,S146N,129,0.031351241
glycan,T411K,29,0.02745993
glycan,N459D,1603,0.0260794872
glycan,T465P,183,0.021693095000000003
glycan,T234N,183,0.018571563
glycan,T465A,71,0.015898511
glycan,R480S,1626,0.014804954
glycan,S137G,129,0.014480139
glycan,T411I,23,0.0143426753
glycan,-147N,113,0.013458276
glycan,-139A,113,0.013312963
glycan,-142C,183,0.012014091
glycan,T360A,1780,0.011960614
glycan,N625S,1780,0.011960614
glycan,N147D,519,0.011914817000000001
glycan,-461T,925,0.011679893
glycan,N147K,673,0.01158884
glycan,N743K,343,0.011416802
glycan,N138A,129,0.010926983
glycan,-139C,183,0.01082042
glycan,N462S,925,0.009957395
glycan,-459T,1668,0.009710521
glycan,-459T,1668,0.009657325
glycan,-142N,183,0.009576735
glycan,T139S,183,0.009292163
glycan,N392D,519,0.009175262
glycan,-147N,113,0.008822213
glycan,-146T,519,0.008491049
glycan,-461N,183,0.008418390000000001
glycan,S189R,1668,0.008357054
glycan,-140T,113,0.008070064
glycan,-142A,519,0.007942672
glycan,N674S,1695,0.007820469
glycan,N135K,1431,0.007786698
glycan,T618N,1204,0.007647543
glycan,-147N,113,0.007316063
glycan,T411A,23,0.007293551
glycan,-142A,519,0.006744647
glycan,N147K,1093,0.0067428193
glycan,-459N,1668,0.006452205
glycan,-186N,925,0.006416361
glycan,-186S,925,0.006416361
glycan,-186S,925,0.006369346999999999
glycan,-186S,925,0.006369346999999999
glycan,-186N,925,0.006106067
glycan,-186N,925,0.006106067
glycan,-142N,183,0.005694365
glycan,N448S,183,0.005295655
glycan,N358K,1780,0.004981917
glycan,-140N/T,113,0.004885072000000001
glycan,-461T,925,0.0048162327
glycan,-142C,183,0.004788181
glycan,-459N,1093,0.0046822992
glycan,-142C,183,0.004640823
glycan,-139A/T,113,0.004637174000000001
glycan,-142N,183,0.0044782220000000005
glycan,E460D,925,0.004455204
glycan,-140S,183,0.0044189780000000005
glycan,-186S,925,0.004400615
glycan,-459S,1626,0.004299994
glycan,-142A/T,519,0.004264003
glycan,R480S,1093,0.003954701
glycan,N339S,925,0.0038917152
glycan,N637D,343,0.003880152
glycan,-142N,183,0.003772184
glycan,-186S,925,0.003726671
glycan,-142T,183,0.003707918
glycan,S149R,1668,0.0036725379999999995
glycan,-142N,183,0.0036433279
glycan,N147S,519,0.0035977110000000004
glycan,T400I,925,0.0034765804999999997
glycan,N142K,925,0.003311994
glycan,-186S,925,0.0030568979999999997
glycan,T144P,1640,0.0030144079
glycan,-459N,1093,0.0029692352
glycan,-140N/T,113,0.0027268881000000003
glycan,-139A,113,0.002595051
glycan,T408K,1431,0.0023919070000000004
glycan,-142A,519,0.0023634202
glycan,-461N,183,0.0018716790000000002
glycan,-459N,925,0.0016881560000000001
glycan,N464S,519,0.0014657118
glycan,N130Y,925,0.001441758
glycan,-142T,183,0.0014031472999999999
glycan,-461N,183,0.0011715660000000002
glycan,T406A,925,0.0011564071
glycan,-143A,183,0.000850885
glycan,-144A/S,519,0.0008073908999999999
glycan,N6S,673,0.0006765908300000001
glycan,N358K,1093,0.00060832064
glycan,N130D,519,0.00040297019999999996
glycan,S264G,519,-0.0006471867200000001
glycan,-143A,183,-0.0007876639999999999
glycan,N339T,925,-0.0008113428
glycan,T232A,925,-0.0008522477
glycan,-144S,519,-0.0010182405
glycan,N404D,1093,-0.0010228028
glycan,-141A/S,343,-0.0012493709
glycan,-142T,183,-0.001312945
glycan,K460N,343,-0.0013753510000000001
glycan,D459E,1695,-0.0015106008000000002
glycan,-143A,183,-0.0015531028999999999
glycan,N301D,925,-0.0015772669
glycan,-142T,519,-0.0016946998000000003
glycan,-142T,519,-0.0018941903000000001
glycan,-142N,183,-0.00197647
glycan,-143N,519,-0.0021186468
glycan,N133T,343,-0.0021363118
glycan,N142S,343,-0.002148888
glycan,N392S,23,-0.0022227845
glycan,N358T,925,-0.0022602387
glycan,N339H,1204,-0.002826218
glycan,T132I,343,-0.0031855178
glycan,P8T,519,-0.0032902501000000002
glycan,I414T,1668,-0.0033071585
glycan,-146N/T,519,-0.0034357990000000007
glycan,N130S,519,-0.00364539
glycan,N404T,1780,-0.003992651
glycan,N187S,925,-0.00409026
glycan,N130T,925,-0.004524445
glycan,S388A,29,-0.00470939391
glycan,N442S,23,-0.004822566
glycan,T618-,71,-0.004900208
glycan,-459T,1603,-0.0053722530000000004
glycan,N133D,343,-0.005537324
glycan,-459T,1603,-0.005602348
glycan,N463S,519,-0.006072226000000001
glycan,N289K,43,-0.0063601053
glycan,-141S,343,-0.0066504471
glycan,N392K,1603,-0.0067922289999999995
glycan,-142A/T,519,-0.007134998
glycan,S142N,519,-0.007286049
glycan,T463M,1204,-0.008121718
glycan,T278I,343,-0.008261928
glycan,T132A,519,-0.008485019
glycan,S189N,23,-0.008548197
glycan,N358D,519,-0.008935378
glycan,N160S,519,-0.009390984
glycan,S399R,1640,-0.009782500999999999
glycan,T135N,113,-0.010240985000000001
glycan,T162A,519,-0.01069679
glycan,S291P,129,-0.012105684
glycan,N133K,1204,-0.015277825
glycan,N339D,1204,-0.019911256000000002
glycan,T465M,23,-0.02221027
glycan,N463T,129,-0.023837062
glycan,N398T,343,-0.024215086
glycan,N138T,129,-0.028205059999999997
glycan,N88K,1603,-0.035273700000000005
