F_CH505,F_jointedRMs,breadth
0.0,0.0,true
-0.35915,-0.1109,true
0.0,0.0,true
0.0,0.0,true
-0.68566,0.0418,true
0.0,0.0,true
0.0,0.0,true
-0.55713,0.33665,true
-0.35915,-0.07997,true
0.0,0.0,true
-0.60575,-0.02037,true
0.0,0.0,true
-1.5098500000000001,0.48060999999999987,true
0.0,0.0,true
-0.55713,0.33665,true
-0.35915,-0.10809,true
0.0,0.0,true
0.0,0.0,true
0.0,0.0,true
0.0,0.0,true
0.0,0.0,true
0.0,0.0,true
-0.4158,-0.08367,true
0.0,0.0,true
-1.00049,0.64805,true
0.0,0.0,true
-0.53862,0.13613999999999996,true
-0.53862,0.13613999999999996,true
-0.55713,0.33665,true
0.0,0.0,true
0.0,0.0,true
0.0,0.0,true
-0.35915,-0.07963999999999999,true
0.72945,0.6461700000000001,true
0.0,0.0,true
-0.28212,0.054180000000000006,true
0.0,0.0,true
0.0,0.0,true
0.0,0.0,true
0.0,0.0,true
0.0,0.0,true
0.0,0.0,true
0.0,0.0,true
0.0,0.0,true
-0.55713,0.33665,true
0.0,0.0,true
0.0,0.0,true
-0.55713,0.33665,true
0.0,0.0,true
0.0,0.0,true
-0.31693,-0.03393,true
0.0,0.0,true
0.0,0.0,true
7.985199999999999,10.26972,true
7.16618,11.19955,true
20.13942,22.25237,true
8.562259999999998,10.728679999999999,true
7.334800000000001,10.54078,true
8.71999,10.75043,true
8.562259999999998,10.728679999999999,true
12.538759999999998,12.23371,true
12.20058,12.25182,true
8.71999,10.75043,true
8.562259999999998,11.000669999999998,true
8.71999,10.75043,true
8.71999,10.75043,true
7.1841,9.352250000000002,true
8.71999,10.75043,true
12.538759999999998,12.23371,true
8.71999,10.75043,true
8.71999,10.75043,true
8.71999,10.03809,true
12.538759999999998,12.24272,true
7.16618,11.19955,true
7.16618,11.19955,true
12.538759999999998,12.23371,true
8.71999,10.75043,true
9.73336,17.31834,true
12.538759999999998,12.23371,true
8.71999,10.75043,true
8.71999,10.75043,true
8.71999,10.75043,true
12.538759999999998,12.23371,true
8.562259999999998,10.728679999999999,true
7.16618,11.19955,true
8.71999,10.75043,true
7.361139999999999,12.16957,true
8.71999,10.75043,true
12.120410000000001,12.39001,true
8.71999,10.75043,true
8.562259999999998,10.728679999999999,true
8.71999,10.75043,true
8.71999,10.75043,true
12.538759999999998,12.23371,true
12.538759999999998,12.23371,true
12.538759999999998,12.228330000000001,true
12.86796,13.35551,true
8.71999,10.75043,true
8.71999,10.765740000000001,true
8.77917,10.75342,true
8.71999,10.75043,true
8.71999,10.75043,true
8.71999,10.75043,true
6.801200000000001,10.82298,true
8.562259999999998,10.728679999999999,true
23.572499999999998,21.515800000000002,true
8.562259999999998,10.728679999999999,true
8.562259999999998,10.728679999999999,true
20.13942,22.25237,true
8.71999,10.75043,true
8.71999,10.75043,true
8.71999,10.75043,true
23.44459,21.437589999999997,true
8.71999,10.75043,true
12.538759999999998,12.23371,true
8.71999,10.75043,true
12.538759999999998,12.23371,true
8.308119999999999,10.20138,true
8.562259999999998,10.728679999999999,true
8.71999,10.75043,true
20.13942,23.45165,true
23.14415,22.022550000000003,true
23.572499999999998,21.515800000000002,true
20.84762,20.02259,true
20.13942,22.738429999999997,true
20.99242,19.124620000000004,true
21.45754,20.230220000000003,true
19.47605,23.250239999999998,true
23.572499999999998,21.515800000000002,true
26.437140000000003,22.15247,true
20.13942,23.45165,true
23.572499999999998,22.970670000000002,true
23.572499999999998,21.510190000000005,true
23.572499999999998,22.10656,true
24.241770000000002,21.65583,true
24.045379999999998,19.398590000000002,true
23.572499999999998,21.515800000000002,true
23.67744,21.360000000000003,true
20.13942,22.18814,true
22.068499999999997,21.73346,true
23.572499999999998,21.515800000000002,true
17.88323,18.960590000000003,true
23.572499999999998,21.515800000000002,true
25.81382,25.90111,true
22.631480000000003,22.663730000000005,true
28.18431,25.890610000000002,true
18.447370000000003,22.43434,true
25.85657,23.948819999999998,true
20.13942,23.89377,true
19.59398,24.12281,true
26.55866,23.97244,true
27.959450000000004,22.35808,true
29.552350000000004,25.09926,true
20.253790000000002,23.17941,true
20.914500000000004,22.48116,true
18.88086,22.93032,true
22.787589999999998,25.79269,true
25.85326,24.85695,true
20.253790000000002,23.17941,true
22.841920000000002,24.47387,true
13.64814,21.49711,true
22.071520000000003,23.49401,true
19.19826,21.66655,true
23.27027,23.05599,true
28.05054,27.78331,true
27.275470000000002,25.88839,true
20.74451,24.63507,true
21.62309,24.352619999999998,true
20.13942,24.31061,true
27.505869999999998,26.66655,true
19.66599,23.415370000000003,true
20.13942,23.89377,true
20.046990000000005,23.79652,true
17.71174,22.766550000000002,true
25.561670000000003,26.22313,true
20.20999,22.729950000000002,true
21.28408,24.359440000000003,true
20.85182,24.04278,true
26.397380000000005,24.238799999999998,true
20.167030000000004,22.71911,true
16.27062,22.99149,true
20.13942,23.99364,true
27.93936,27.019689999999997,true
19.97506,22.965230000000002,true
20.684089999999998,24.56814,true
21.634059999999998,24.596020000000003,true
18.53086,23.44564,true
25.984549999999995,26.34129,true
21.5817,23.4316,true
19.675980000000003,24.07112,true
20.560180000000003,24.01256,true
22.896530000000002,24.55981,true
25.33975,25.188560000000003,true
21.182,27.36742,true
24.26679,29.30084,true
24.240840000000002,27.785349999999998,true
25.39857,28.75084,true
27.368389999999998,30.19651,true
24.26458,29.456479999999996,true
24.72261,28.94123,true
26.463769999999997,27.352960000000003,true
26.463769999999997,27.500940000000007,true
25.39857,28.735860000000002,true
25.871769999999998,28.169540000000005,true
25.21974,27.5181,true
25.39857,29.16344000000001,true
27.57327,28.68847,true
26.721839999999997,28.407570000000003,true
25.66019,28.055590000000002,true
25.166040000000002,28.423390000000005,true
24.66546,28.077260000000003,true
21.73347,26.26413,true
25.685370000000002,26.121609999999997,true
25.132119999999997,26.068360000000002,true
24.873009999999997,27.88707,true
24.72261,28.758710000000004,true
25.39857,28.735860000000002,true
27.025339999999996,29.1646,true
24.112979999999997,26.097610000000003,true
26.66011,28.87301,true
25.30576,28.515849999999997,true
20.462159999999997,27.58667,true
23.63261,27.272050000000004,true
22.52808,26.133580000000002,true
24.24056,28.785590000000006,true
24.807560000000002,26.92611,true
25.39857,28.735860000000002,true
21.57161,27.808880000000002,true
23.79323,26.485570000000003,true
24.961310000000005,26.80397,true
24.95388,28.104820000000004,true
25.463279999999997,28.14938,true
25.39352,27.033920000000002,true
26.11986,28.228930000000002,true
24.965079999999997,28.005570000000002,true
19.43544,27.709130000000005,true
22.360010000000003,22.859469999999998,true
24.965079999999997,28.12821,true
23.24035,27.90686,true
23.760599999999997,28.442410000000002,true
25.463279999999997,29.007750000000005,true
23.705339999999996,27.808670000000003,true
24.965079999999997,28.12821,true
21.104329999999997,24.88925,true
18.49128,24.707910000000002,true
26.035069999999997,27.768150000000002,true
26.23583,28.36612,true
25.42953,27.80226,true
24.72261,28.59948,true
30.724790000000002,28.024729999999998,true
26.721839999999997,29.14409,true
29.109030000000004,28.33009,true
25.682199999999998,28.31917,true
25.725410000000004,31.26782,true
29.091469999999997,33.26348,true
25.523829999999997,32.020830000000004,true
28.907910000000005,31.284489999999998,true
26.372470000000003,31.95175,true
26.33295,31.281840000000006,true
23.36878,31.595240000000004,true
28.714830000000003,30.819450000000003,true
21.2331,31.100320000000004,true
28.907910000000005,31.284489999999998,true
28.188029999999998,30.060929999999995,true
28.078780000000002,31.38835,true
27.743299999999998,31.881170000000004,true
27.76216,33.09695,true
26.084259999999997,31.6027,true
26.85861,31.003379999999996,true
26.983590000000003,32.80477,true
23.89141,29.96874,true
26.92762,31.030539999999995,true
27.83869,32.766870000000004,true
25.725410000000004,31.094559999999994,true
23.217430000000004,31.28162,true
27.645039999999998,32.24802,true
24.91857,32.316480000000006,true
25.291330000000002,29.723460000000003,true
25.726269999999996,29.94142,true
28.859219999999997,31.968389999999996,true
28.829770000000003,30.36395,true
27.82018,31.446099999999998,true
25.844979999999996,29.9958,true
28.417250000000006,31.905879999999996,true
27.247309999999995,31.669770000000003,true
25.116660000000003,30.702419999999996,true
27.84147,31.74345,true
28.043229999999998,31.34794,true
27.38902,31.00198,true
27.83869,32.766870000000004,true
27.040490000000005,31.65848,true
26.435410000000005,34.96941,true
25.79174,35.49913,true
24.6083,34.527179999999994,true
26.472050000000003,35.094809999999995,true
26.05744,35.36513,true
26.05032,35.76382,true
27.36099,35.14133,true
24.1752,33.875280000000004,true
24.356090000000002,36.22483,true
25.123670000000004,36.06189,true
27.183570000000003,36.83537,true
26.171030000000002,34.949600000000004,true
26.05744,35.36513,true
25.07389,35.79815,true
22.779420000000002,35.70514,true
25.540050000000004,34.400940000000006,true
29.91572,35.389210000000006,true
21.252920000000003,33.71105,true
26.765649999999997,34.71303,true
25.054900000000004,36.21240999999999,true
23.854989999999997,34.582060000000006,true
26.33707,34.41852,true
27.543309999999998,35.73671,true
25.998949999999997,35.39649,true
26.432069999999996,35.65905,true
24.6553,35.07324,true
23.325720000000004,35.97654,true
25.998949999999997,35.39649,true
29.918910000000004,35.10623,true
26.808790000000005,35.36152,true
24.405160000000002,35.743520000000004,true
23.93769,35.0984,true
24.021980000000003,34.908289999999994,true
22.44531,35.055409999999995,true
24.571760000000005,35.253060000000005,true
26.52441,35.30405,true
23.16642,36.61194,true
26.689820000000005,35.94831,true
25.97087,36.128139999999995,true
0.0,0.0,true
-0.35915,-0.1109,true
0.0,0.0,true
0.0,0.0,true
-0.68566,0.0418,true
0.0,0.0,true
-1.50985,0.48060999999999987,true
-0.55713,0.33665,true
-0.35915,-0.07997,true
0.0,0.0,true
-0.60575,-0.02037,true
0.0,0.0,true
-0.55713,0.33665,true
-0.35915,-0.10809,true
0.0,0.0,true
0.0,0.0,true
0.0,0.0,true
0.0,0.0,true
-0.53862,0.13613999999999996,true
0.0,0.0,true
-0.4158,-0.08367,true
0.0,0.0,true
0.0,0.0,true
0.0,0.0,true
-1.00049,0.64805,true
0.0,0.0,true
0.0,0.0,true
-0.53862,0.13613999999999996,true
0.0,0.0,true
0.0,0.0,true
0.0,0.0,true
0.0,0.0,true
-0.35915,-0.07963999999999999,true
0.72945,0.6461700000000001,true
0.0,0.0,true
-0.28212,0.054180000000000006,true
0.0,0.0,true
0.0,0.0,true
0.0,0.0,true
0.0,0.0,true
0.0,0.0,true
-0.55713,0.33665,true
-0.55713,0.33665,true
0.0,0.0,true
0.0,0.0,true
0.0,0.0,true
-0.55713,0.33665,true
0.0,0.0,true
-0.31693,-0.03393,true
0.0,0.0,true
0.0,0.0,true
0.0,0.0,true
0.0,0.0,true
6.397500000000001,9.948640000000001,true
5.47121,9.29544,true
7.587410000000001,9.398190000000001,true
9.123190000000001,10.2582,true
7.359100000000001,9.740120000000001,true
9.989500000000001,10.33943,true
7.43824,9.5994,true
7.43824,10.158760000000001,true
5.3465,9.8613,true
7.7990699999999995,9.71756,true
8.562259999999998,11.17681,true
7.41256,9.763720000000001,true
6.210680000000001,10.984720000000001,true
7.22923,10.39412,true
7.359100000000001,9.90592,true
8.974129999999999,10.599319999999999,true
7.359100000000001,9.90592,true
7.43824,10.046830000000002,true
7.076610000000001,8.85876,true
7.359100000000001,9.90592,true
8.357240000000001,10.837869999999999,true
7.62739,9.61607,true
6.94927,11.32365,true
7.359100000000001,9.90592,true
7.359100000000001,9.90592,true
5.741060000000001,9.778540000000001,true
8.01049,10.05387,true
7.031890000000001,9.80015,true
7.43824,10.0136,true
7.359100000000001,9.90592,true
8.19728,10.822700000000001,true
7.8802900000000005,10.29838,true
7.359100000000001,9.90592,true
7.973020000000002,9.69657,true
9.580210000000001,11.01607,true
7.359100000000001,9.90592,true
8.96908,10.921750000000001,true
8.974129999999999,11.554409999999999,true
7.359100000000001,9.90592,true
7.33847,9.75602,true
7.359100000000001,9.90592,true
7.43824,9.60814,true
8.258180000000001,9.871559999999999,true
7.433190000000001,9.256440000000001,true
11.120280000000001,10.908099999999997,true
7.282,11.750229999999998,true
5.820200000000001,9.927470000000001,true
6.951900000000001,9.69358,true
5.903480000000001,7.865599999999999,true
7.327280000000001,9.547849999999999,true
7.359100000000001,9.90592,true
7.359100000000001,9.89098,true
7.359100000000001,10.99614,true
7.359100000000001,9.90592,true
5.746110000000001,10.288310000000001,true
8.48779,10.2793,true
8.806899999999999,10.572149999999999,true
16.48587,19.63774,true
17.985210000000002,18.87745,true
17.6114,17.96,true
18.22539,18.89243,true
19.269820000000003,18.559970000000003,true
17.91101,19.173620000000003,true
18.344569999999997,16.96724,true
17.857699999999998,17.74858,true
14.40934,16.20053,true
10.900509999999999,14.661299999999999,true
21.488250000000004,18.579270000000005,true
19.47574,20.62885,true
18.248299999999997,18.21921,true
15.386700000000001,18.212410000000002,true
13.025300000000001,16.486860000000004,true
18.758930000000003,18.027749999999997,true
20.014210000000002,19.367259999999998,true
18.62738,19.327460000000002,true
17.984280000000002,15.78436,true
14.922039999999997,18.62986,true
22.68092,19.81976,true
17.0648,18.41938,true
16.828989999999997,18.82177,true
21.47264,17.93366,true
19.690189999999998,21.75255,true
21.87867,23.87808,true
24.619200000000003,23.10356,true
18.30095,23.79967,true
24.39083,25.36198,true
21.307930000000002,24.103769999999997,true
21.87867,23.87808,true
21.41786,25.16796,true
25.59032,23.37891,true
18.97813,20.97822,true
19.62235,20.921879999999998,true
18.790850000000002,22.64622,true
23.17878,26.7078,true
21.37009,22.8007,true
20.103949999999998,23.112609999999997,true
20.249,22.20755,true
20.25963,22.048180000000002,true
20.33837,24.00908,true
17.48494,20.585279999999997,true
19.11213,22.73125,true
20.72692,22.12549,true
19.26451,22.467390000000005,true
22.10488,23.667609999999996,true
20.15481,23.09231,true
24.39083,25.36198,true
21.45119,22.9641,true
24.59907,24.81636,true
24.8187,24.978139999999996,true
22.95738,25.212470000000003,true
22.23994,24.5512,true
22.12813,28.12963,true
22.33205,24.46872,true
22.12813,28.12963,true
24.014499999999998,28.805369999999996,true
24.92898,28.18504,true
21.82353,28.155599999999996,true
22.12813,28.12963,true
21.34104,24.6549,true
25.494719999999997,26.968800000000005,true
20.251910000000002,23.79575,true
19.415869999999998,22.6234,true
21.53238,26.58194,true
21.779500000000002,25.477230000000002,true
20.0225,25.08163,true
19.68819,26.97378,true
23.2497,26.06325,true
20.28249,24.87753,true
22.6807,25.20691,true
24.369459999999997,25.64402,true
22.12813,28.12963,true
22.12308,27.466940000000008,true
21.98008,27.32198,true
21.03226,26.956850000000003,true
19.76016,25.891180000000002,true
22.12813,28.12963,true
22.12813,28.12963,true
20.72426,25.657639999999997,true
18.2533,22.04313,true
21.68699,28.119930000000004,true
23.36337,24.45529,true
21.64166,26.154530000000005,true
24.58531,25.47875,true
20.11977,24.48682,true
25.012480000000004,27.147710000000004,true
23.871329999999997,23.813760000000002,true
19.226950000000002,24.38359,true
21.77215,25.76382,true
18.83957,25.26547,true
21.16354,27.97514,true
24.42598,28.742250000000002,true
22.12813,28.12963,true
13.67689,23.467209999999998,true
19.40361,24.724370000000004,true
21.405519999999996,26.926690000000004,true
22.12813,28.12963,true
19.07086,26.22354,true
19.924760000000003,25.167860000000005,true
21.672449999999998,27.693310000000004,true
20.52708,27.276720000000005,true
28.06846,24.7928,true
22.57606,28.518510000000003,true
0.0,0.0,true
0.0,0.0,true
0.0,0.0,true
-0.68566,0.0418,true
0.0,0.0,true
-1.5098500000000001,0.48060999999999987,true
0.0,0.0,true
-0.35915,-0.07997,true
0.0,0.0,true
-0.60575,-0.02037,true
0.0,0.0,true
-0.55713,0.33665,true
0.0,0.0,true
-0.53862,0.13613999999999996,true
-0.35915,-0.10809,true
-0.55713,0.33665,true
0.0,0.0,true
0.0,0.0,true
0.0,0.0,true
0.0,0.0,true
-0.4158,-0.08367,true
0.0,0.0,true
0.0,0.0,true
-1.00049,0.64805,true
-0.35915,-0.1109,true
0.0,0.0,true
0.0,0.0,true
-0.53862,0.13613999999999996,true
0.0,0.0,true
0.0,0.0,true
0.0,0.0,true
-0.35915,-0.07963999999999999,true
0.72945,0.6461700000000001,true
0.0,0.0,true
0.0,0.0,true
0.0,0.0,true
0.0,0.0,true
0.0,0.0,true
0.0,0.0,true
-0.28212,0.054180000000000006,true
-0.55713,0.33665,true
0.0,0.0,true
-0.55713,0.33665,true
0.0,0.0,true
0.0,0.0,true
0.0,0.0,true
0.0,0.0,true
-0.31693,-0.03393,true
0.0,0.0,true
0.0,0.0,true
0.0,0.0,true
-0.55713,0.33665,true
0.0,0.0,true
0.0,2.66988,true
0.0,4.94021,true
0.0,4.84443,true
-0.53862,4.980569999999999,true
-0.05089999999999999,4.589840000000001,true
6.6984,7.070460000000001,true
0.0,5.01128,true
6.9276,7.20745,true
0.0,4.84443,true
0.0,4.84443,true
1.09082,3.4030400000000003,true
0.0,4.907030000000001,true
-0.34281,4.9807999999999995,true
0.0,4.84443,true
6.6984,7.29442,true
0.0,2.86435,true
-0.53862,4.85382,true
0.0,4.84443,true
7.361140000000001,11.011519999999999,true
7.43824,9.4971,true
8.89073,9.28301,true
6.79033,9.989370000000001,true
6.6984,7.69268,true
7.43824,9.56547,true
8.97413,10.565389999999999,true
5.0854099999999995,8.138810000000001,true
7.43824,9.56547,true
10.35148,11.08085,true
5.8252500000000005,10.0116,true
8.08963,9.16206,true
7.001080000000001,7.19804,true
7.433190000000001,8.72793,true
7.43824,9.56547,true
7.43824,10.27539,true
8.23429,8.6926,true
8.08963,9.259450000000001,true
10.59512,9.50595,true
8.08963,9.18032,true
7.43824,9.167209999999999,true
7.35484,8.468150000000001,true
8.083950000000002,8.72793,true
6.6984,7.69268,true
7.43824,9.534250000000002,true
7.43824,9.58432,true
8.38885,9.8033,true
7.433190000000001,8.72793,true
6.82568,9.95759,true
8.08963,9.16206,true
7.433190000000001,8.943760000000001,true
7.43824,9.622630000000001,true
7.70851,9.40159,true
6.951900000000001,9.245450000000002,true
7.43824,9.94309,true
8.08963,9.16206,true
7.43824,9.56547,true
7.977860000000001,9.449010000000001,true
7.433190000000001,8.57165,true
7.433190000000001,8.564670000000001,true
7.43824,9.56547,true
7.43824,9.56547,true
7.800180000000001,8.55024,true
5.820200000000001,9.01778,true
8.08963,9.16206,true
7.43824,9.4971,true
7.43824,9.56547,true
7.433190000000001,8.57165,true
9.58875,9.09792,true
8.106390000000001,10.370650000000001,true
8.08963,9.16206,true
12.80821,15.74721,true
13.808700000000002,14.97443,true
14.40934,16.20053,true
14.547020000000002,16.63741,true
19.133080000000003,16.43282,true
14.03989,16.82759,true
16.01479,16.233620000000002,true
19.665390000000002,17.25657,true
15.85396,15.941070000000002,true
15.32019,16.13937,true
13.813749999999999,15.868379999999998,true
14.050510000000003,14.328940000000001,true
14.978280000000002,14.555450000000004,true
12.360100000000001,16.813630000000003,true
16.60501,18.25021,true
10.90051,14.77891,true
15.519560000000002,18.840580000000003,true
11.014220000000002,15.62499,true
12.58079,15.315059999999999,true
17.376250000000002,19.21678,true
9.364620000000002,13.40828,true
15.806860000000004,15.91402,true
19.03546,16.532510000000002,true
12.935250000000002,15.55273,true
11.882790000000002,14.602260000000001,true
13.808700000000002,14.87456,true
21.48825,18.198570000000004,true
12.945770000000001,15.81342,true
11.882790000000002,15.12838,true
15.85396,15.941070000000002,true
15.132280000000002,16.739160000000002,true
16.0801,16.48376,true
12.119910000000003,15.155460000000001,true
13.808700000000002,16.15606,true
14.100719999999999,16.824310000000004,true
19.10499,20.20661,true
14.58381,20.767069999999997,true
17.197480000000002,20.65402,true
17.01951,20.11116,true
19.07517,20.567570000000003,true
15.88753,19.510329999999996,true
19.30989,20.35084,true
16.3927,20.79282,true
16.345149999999997,20.13956,true
15.36431,18.72305,true
18.175829999999998,20.541949999999996,true
19.46178,19.6208,true
13.388860000000003,17.75994,true
21.12931,20.115940000000002,true
17.24014,19.380410000000005,true
12.4968,16.82453,true
19.42416,19.72118,true
13.87225,18.805660000000003,true
17.70665,20.6042,true
13.597719999999999,16.13745,true
11.40116,17.53519,true
18.608340000000002,22.704430000000002,true
20.9694,21.618740000000003,true
18.60519,20.3942,true
18.556060000000002,20.97138,true
16.53094,20.735110000000002,true
20.35042,21.507469999999998,true
20.215449999999997,21.056770000000004,true
15.87368,20.36482,true
18.4973,22.06288,true
18.5093,22.53655,true
21.08437,21.636809999999997,true
20.95117,22.080280000000002,true
18.32992,21.117240000000002,true
15.64754,19.822129999999998,true
19.27011,21.33967,true
16.03539,21.35578,true
18.37374,21.417360000000002,true
19.15194,19.34677,true
20.874160000000003,21.56634,true
20.95117,22.02371,true
19.5422,19.35885,true
17.7803,20.94026,true
15.96379,21.229599999999998,true
17.63235,21.104709999999997,true
17.49134,22.6593,true
16.22808,23.906529999999997,true
24.358810000000002,24.740630000000003,true
17.772900000000003,24.27552,true
20.40651,24.52577,true
21.60029,23.24796,true
21.6126,24.45941,true
21.7592,24.543730000000004,true
19.758670000000002,23.41823,true
21.27816,23.831010000000003,true
24.207800000000002,24.3761,true
24.897920000000003,24.376150000000003,true
20.426840000000002,24.447,true
21.27816,23.831010000000003,true
19.30604,23.683960000000003,true
16.68191,22.33773,true
18.27202,23.97337,true
21.27816,23.831010000000003,true
18.63762,23.24021,true
20.55191,25.05252,true
18.27202,23.82846,true
20.42441,26.023650000000004,true
24.38034,27.46695,true
20.52532,26.043850000000003,true
22.60704,28.65223,true
20.250880000000002,27.788729999999994,true
19.96765,29.560200000000002,true
18.73684,26.84497,true
25.01945,26.601980000000005,true
18.133309999999998,23.619229999999998,true
19.845660000000002,26.6393,true
24.48314,28.386400000000002,true
24.103839999999998,27.40808,true
19.014029999999998,25.960119999999996,true
19.99932,26.30456,true
22.037650000000003,26.442179999999997,true
23.71078,28.1793,true
18.531160000000003,26.43878,true
23.75024,27.06111,true
20.12848,25.840320000000006,true
19.27286,26.141970000000004,true
23.180550000000004,28.823350000000005,true
25.57532,29.54828,true
22.33282,28.50414,true
24.51859,27.863539999999997,true
20.765620000000002,27.92515,true
20.96467,23.8355,true
22.677960000000002,28.01885,true
25.34365,30.464440000000003,true
22.909660000000002,29.71913,true
20.73197,26.913359999999997,true
22.379350000000002,28.50529,true
19.911279999999998,26.964399999999998,true
23.397380000000002,26.867009999999997,true
28.410259999999997,29.585570000000004,true
19.33611,26.738260000000004,true
19.145840000000003,27.583540000000006,true
24.34208,26.885099999999994,true
25.34365,30.464440000000003,true
22.33282,28.50414,true
20.401980000000002,27.760819999999995,true
19.856740000000002,24.36009,true
22.07504,28.257520000000003,true
26.4667,29.78696,true
24.37649,29.641260000000003,true
24.914710000000003,30.543780000000005,true
24.076670000000004,30.46776,true
22.33495,29.539450000000002,true
19.03033,29.223180000000003,true
22.1991,30.937009999999997,true
22.836660000000002,30.451030000000003,true
20.86016,29.89308,true
19.96765,30.44873,true
24.8475,29.595660000000002,true
20.86016,30.033120000000004,true
22.849140000000002,30.12589,true
23.238010000000003,32.84948,true
25.96975,30.358050000000002,true
24.541200000000003,28.84603,true
23.160320000000002,31.585830000000005,true
25.124440000000003,30.01778,true
28.08558,31.420140000000004,true
28.39163,33.73,true
25.717680000000005,31.9261,true
25.07601,32.15353,true
21.74338,33.769079999999995,true
23.238010000000003,32.84948,true
27.859880000000004,34.49044,true
21.449810000000003,34.546369999999996,true
24.13037,31.159740000000003,true
24.96027,32.62355,true
23.66001,33.276450000000004,true
21.74338,34.27286000000001,true
31.24666,33.05895,true
23.94167,31.58495,true
22.39779,31.062230000000003,true
28.86626,32.768060000000006,true
28.39163,33.73,true
23.160320000000002,31.585830000000005,true
22.70673,31.20334,true
25.14876,30.76258,true
23.44135,32.18572,true
24.609360000000006,32.399449999999995,true
24.182170000000003,33.504709999999996,true
27.66012,32.05769000000001,true
21.74338,33.24609000000001,true
21.73778,35.069069999999996,true
30.41717,33.35694,true
25.10002,34.7981,true
33.021840000000005,35.0621,true
29.71606,34.91859,true
27.16613,33.86937,true
27.99897,32.09364,true
32.167139999999996,33.97865,true
26.069179999999996,34.65087,true
26.90457,35.30537,true
21.62341,33.86085,true
29.71606,34.91859,true
21.3728,34.929339999999996,true
29.995390000000004,37.06828,true
21.73778,35.07015,true
26.9888,34.523970000000006,true
24.19983,35.25289,true
26.87943,35.441449999999996,true
25.284839999999996,36.47163,true
24.92665,35.57526,true
27.66595,38.80124,true
23.234170000000002,35.54099000000001,true
26.45056,35.3522,true
27.137530000000005,36.226749999999996,true
22.95808,36.464600000000004,true
24.53505,37.47021,true
24.63863,34.78503,true
26.079949999999997,35.4419,true
28.595020000000005,37.013239999999996,true
25.55734,36.24115,true
30.92699,36.837720000000004,true
29.250470000000007,37.34132,true
25.030070000000006,35.431259999999995,true
22.43188,36.13716,true
25.55075,37.014860000000006,true
30.53847,39.847860000000004,true
24.39438,36.653040000000004,true
31.17338,39.73950000000001,true
27.594620000000003,38.67061,true
26.54041,37.80312,true
30.330629999999996,39.75035,true
29.744919999999997,39.59622,true
31.758779999999998,39.573919999999994,true
27.96472,39.92362000000001,true
30.4916,39.36626,true
26.51352,37.01255,true
25.104599999999998,39.18905,true
0.0,0.0,false
-0.35915,-0.1109,false
0.0,0.0,false
0.0,0.0,false
-0.68566,0.0418,false
0.0,0.0,false
0.0,0.0,false
-0.55713,0.33665,false
-0.35915,-0.07997,false
0.0,0.0,false
-0.60575,-0.02037,false
0.0,0.0,false
-1.5098500000000001,0.48060999999999987,false
0.0,0.0,false
-0.55713,0.33665,false
-0.35915,-0.10809,false
0.0,0.0,false
0.0,0.0,false
0.0,0.0,false
-0.53862,0.13613999999999996,false
0.0,0.0,false
-0.4158,-0.08367,false
0.0,0.0,false
0.0,0.0,false
-1.00049,0.64805,false
0.0,0.0,false
0.0,0.0,false
-0.53862,0.13613999999999996,false
0.0,0.0,false
0.0,0.0,false
0.0,0.0,false
0.0,0.0,false
-0.35915,-0.07963999999999999,false
0.72945,0.6461700000000001,false
0.0,0.0,false
-0.28212,0.054180000000000006,false
0.0,0.0,false
0.0,0.0,false
0.0,0.0,false
0.0,0.0,false
0.0,0.0,false
-0.55713,0.33665,false
0.0,0.0,false
-0.55713,0.33665,false
0.0,0.0,false
0.0,0.0,false
-0.55713,0.33665,false
0.0,0.0,false
-0.31693,-0.03393,false
0.0,0.0,false
0.0,0.0,false
0.0,0.0,false
0.0,0.0,false
0.0,6.00018,false
0.0,6.756049999999999,false
1.18088,6.239970000000001,false
0.0,7.07659,false
-1.1976099999999998,7.291740000000001,false
0.0,7.07659,false
1.12402,7.649040000000001,false
1.12402,7.649040000000001,false
-0.16723000000000002,6.4440800000000005,false
0.0,6.7224900000000005,false
6.6984,9.35234,false
1.57472,7.502860000000002,false
0.0,6.756049999999999,false
0.0,7.07659,false
-0.07914,6.8262800000000015,false
0.0,6.519760000000001,false
0.0,6.93396,false
0.0,7.07659,false
-0.16467,5.39657,false
0.0,7.198170000000001,false
-0.38582,6.2051300000000005,false
0.0,6.93396,false
-0.022949999999999998,6.58392,false
0.14327000000000006,7.92836,false
0.20720999999999998,6.3392,false
-0.022949999999999998,6.6562100000000015,false
0.0,7.31325,false
-0.16467,6.4882599999999995,false
1.48872,8.38663,false
0.0,7.441300000000001,false
4.6614,9.30603,false
0.0,7.118600000000002,false
6.6984,9.64816,false
0.01637,6.970130000000001,false
-0.022949999999999998,6.848129999999999,false
1.1484999999999999,8.909189999999999,false
4.6614,9.30603,false
0.0,7.595230000000002,false
-0.6031799999999999,7.079859999999999,false
6.6984,9.79711,false
0.0,6.93396,false
2.02211,7.713720000000002,false
4.5690100000000005,9.31896,false
4.6614,9.30603,false
0.0,7.7687800000000005,false
0.0,7.214400000000001,false
-0.035500000000000004,7.42426,false
4.6614,9.30603,false
7.161530000000001,9.429300000000001,false
2.6125599999999998,7.456450000000002,false
-0.08163999999999999,7.368530000000001,false
1.9697,8.81849,false
2.41763,8.05841,false
0.91401,6.92237,false
0.0,7.198170000000001,false
0.0,7.198170000000001,false
-0.457,7.73549,false
2.05389,9.919989999999999,false
-0.56157,7.09217,false
0.00505,7.927779999999999,false
2.02589,8.576130000000001,false
0.0,7.933100000000001,false
4.6614,9.30603,false
-0.0179,7.5777399999999995,false
2.02589,8.576130000000001,false
0.13519,7.638620000000001,false
0.0,6.63447,false
2.40821,7.116949999999999,false
12.14312,13.85596,false
10.797550000000001,13.761780000000002,false
11.9275,15.294760000000002,false
9.194329999999999,13.267040000000001,false
9.51278,13.206180000000003,false
4.811,12.15534,false
4.5859000000000005,11.80251,false
10.02212,12.74687,false
14.11523,15.58108,false
10.797550000000001,13.95048,false
12.31826,13.72331,false
11.588330000000003,14.194390000000002,false
11.5173,14.77044,false
12.00931,14.932329999999999,false
10.99833,13.24769,false
9.69045,13.4213,false
10.99645,13.66925,false
11.322460000000001,14.249490000000002,false
10.7746,13.76089,false
12.14312,13.85596,false
9.19441,13.292509999999998,false
13.84397,13.470230000000003,false
12.29641,16.077790000000004,false
14.10822,14.205480000000001,false
12.35992,12.843960000000001,false
11.1642,13.465060000000001,false
3.70033,12.764629999999999,false
17.87273,15.610590000000002,false
11.588330000000003,14.194390000000002,false
11.75942,12.974570000000002,false
11.921570000000001,14.821190000000001,false
13.573889999999999,13.170570000000001,false
11.16586,13.004870000000002,false
17.77084,16.260180000000002,false
19.80768,18.3153,false
19.66633,16.800410000000003,false
17.206110000000002,17.874780000000005,false
18.804309999999997,17.00245,false
20.90696,17.522990000000004,false
20.7408,17.17049,false
20.16991,17.95183,false
19.373099999999997,17.488350000000004,false
19.54148,18.177680000000002,false
15.5662,17.43685,false
20.31434,18.291970000000003,false
20.907550000000004,16.970750000000002,false
21.07584,18.82186,false
20.47367,17.381530000000005,false
19.89678,17.726180000000003,false
19.994120000000002,17.400450000000003,false
21.99845,17.32682,false
18.62073,17.5069,false
20.99858,17.881990000000002,false
20.34292,17.651400000000002,false
21.672430000000002,19.196950000000005,false
15.605029999999998,17.364970000000003,false
20.7408,17.17049,false
20.88982,18.260900000000003,false
20.7408,17.17049,false
20.93991,17.64706,false
20.43985,19.17425,false
19.373099999999997,17.56021,false
20.878439999999998,17.84374,false
19.373099999999997,17.445050000000002,false
19.31138,17.78779,false
15.605029999999998,17.364970000000003,false
22.69441,17.985210000000002,false
21.35585,19.12181,false
23.42015,18.19442,false
20.74585,18.164310000000004,false
20.43985,19.17425,false
17.30722,17.875000000000004,false
25.24073,20.21726,false
24.36492,20.3858,false
23.006230000000002,19.92704,false
24.24039,20.74667,false
23.94255,21.40264,false
24.24039,20.91885,false
23.676650000000002,21.10378,false
24.41944,23.51528,false
24.20156,21.1738,false
23.906950000000002,21.643590000000003,false
24.505290000000002,22.21062,false
24.45343,20.656760000000002,false
24.40877,20.487090000000002,false
24.160320000000002,20.87047,false
24.40909,22.568730000000002,false
24.53076,22.10346,false
24.20156,21.12354,false
24.256850000000004,20.700219999999998,false
24.20156,20.96004,false
24.00328,21.47842,false
23.61123,20.87502,false
20.650530000000003,20.47054,false
24.20156,21.331059999999997,false
24.20156,21.05714,false
22.57227,20.36107,false
21.161670000000004,20.03048,false
24.20825,20.949860000000005,false
23.67558,21.107490000000002,false
24.22068,21.057470000000002,false
24.407120000000003,21.5547,false
24.15363,21.45459,false
24.33423,21.00458,false
24.09844,20.81589,false
24.1148,21.141779999999997,false
24.289569999999998,21.347630000000002,false
0.0,0.0,false
0.0,0.0,false
0.0,0.0,false
0.0,0.0,false
-1.5098500000000001,0.48061,false
0.0,0.0,false
-1.00049,0.64805,false
-0.35915,-0.07997,false
0.0,0.0,false
-0.60575,-0.02037,false
0.0,0.0,false
-0.55713,0.33665,false
0.0,0.0,false
-0.55713,0.33665,false
-0.35915,-0.10809,false
0.0,0.0,false
0.0,0.0,false
0.0,0.0,false
-0.53862,0.13613999999999996,false
0.0,0.0,false
0.0,0.0,false
-0.4158,-0.08367,false
0.0,0.0,false
0.0,0.0,false
-0.35915,-0.1109,false
0.0,0.0,false
-0.68566,0.0418,false
-0.53862,0.13613999999999996,false
0.0,0.0,false
0.0,0.0,false
-0.35915,-0.07963999999999999,false
0.72945,0.6461700000000001,false
0.0,0.0,false
0.0,0.0,false
-0.28212,0.054180000000000006,false
0.0,0.0,false
0.0,0.0,false
0.0,0.0,false
0.0,0.0,false
0.0,0.0,false
0.0,0.0,false
0.0,0.0,false
-0.55713,0.33665,false
-0.55713,0.33665,false
0.0,0.0,false
0.0,0.0,false
0.0,0.0,false
0.0,0.0,false
0.0,0.0,false
-0.31693,-0.03393,false
0.0,0.0,false
0.0,0.0,false
-0.55713,0.33665,false
7.22331,7.28849,false
0.0,4.84443,false
0.73479,5.7234,false
0.52491,5.255020000000001,false
7.433190000000001,8.17339,false
6.33342,7.12165,false
0.73479,6.4482800000000005,false
7.433190000000001,8.17339,false
0.73479,5.87424,false
-0.92065,5.42353,false
0.73479,5.93007,false
0.06552,5.21999,false
-0.12246,6.7463,false
7.325220000000001,7.2048000000000005,false
7.433190000000001,8.17339,false
-0.48766,4.82618,false
0.919,5.45173,false
0.52491,5.20275,false
7.433190000000001,8.17339,false
7.325220000000001,6.877810000000001,false
6.6984,7.29442,false
0.73479,5.7234,false
8.84662,11.25875,false
9.379119999999999,10.751810000000003,false
9.73743,10.59704,false
9.86199,10.75014,false
7.843229999999999,10.03915,false
9.94113,10.409690000000001,false
11.399379999999999,11.384940000000002,false
7.31073,10.48672,false
7.35991,11.0097,false
6.891250000000001,9.74409,false
7.843229999999999,10.13685,false
9.55951,9.78823,false
6.51121,10.11811,false
7.9703800000000005,10.554570000000002,false
7.83085,10.037110000000002,false
6.575939999999999,10.28848,false
9.94113,10.614930000000001,false
9.55951,10.00292,false
8.85421,11.186399999999999,false
7.31073,10.00894,false
6.575939999999999,10.02427,false
9.73743,10.59704,false
6.820600000000001,9.466769999999999,false
10.8848,12.52511,false
9.71513,12.00107,false
9.37123,11.38803,false
9.15329,10.93361,false
11.010869999999999,12.17476,false
9.60218,11.83924,false
7.367500000000001,10.59871,false
7.35991,11.0097,false
10.89168,12.53785,false
11.51258,12.47181,false
9.37123,11.38803,false
9.503169999999999,14.28575,false
13.25246,14.130429999999999,false
13.455210000000001,14.851239999999999,false
13.741029999999999,14.620729999999998,false
13.25246,14.130429999999999,false
13.25246,14.130429999999999,false
12.11843,14.37199,false
12.5664,13.15408,false
12.5664,13.570599999999999,false
0.0,0.0,false
-0.35915,-0.1109,false
0.0,0.0,false
0.0,0.0,false
-0.68566,0.0418,false
0.0,0.0,false
-1.5098500000000001,0.48060999999999987,false
0.0,0.0,false
-0.55713,0.33665,false
-0.35915,-0.07997,false
-0.60575,-0.02037,false
0.0,0.0,false
0.0,0.0,false
0.0,0.0,false
-0.53862,0.13613999999999996,false
-0.35915,-0.10809,false
0.0,0.0,false
0.0,0.0,false
-0.55713,0.33665,false
0.0,0.0,false
0.0,0.0,false
-0.4158,-0.08367,false
0.0,0.0,false
0.0,0.0,false
-1.00049,0.64805,false
0.0,0.0,false
0.0,0.0,false
-0.53862,0.13613999999999996,false
-0.55713,0.33665,false
0.0,0.0,false
0.0,0.0,false
0.0,0.0,false
-0.35915,-0.07963999999999999,false
0.72945,0.6461700000000001,false
0.0,0.0,false
0.0,0.0,false
-0.28212,0.054180000000000006,false
0.0,0.0,false
0.0,0.0,false
0.0,0.0,false
0.0,0.0,false
-0.55713,0.33665,false
0.0,0.0,false
-0.55713,0.33665,false
0.0,0.0,false
0.0,0.0,false
0.0,0.0,false
0.0,0.0,false
-0.31693,-0.03393,false
0.0,0.0,false
0.0,0.0,false
0.0,0.0,false
0.0,0.0,false
1.48367,5.303280000000001,false
0.0,4.84443,false
0.0,4.84443,false
0.73479,5.7234,false
0.0,4.84443,false
1.48367,5.303280000000001,false
1.48367,5.303280000000001,false
1.48367,5.303280000000001,false
1.48367,5.303280000000001,false
1.48367,5.303280000000001,false
1.48367,5.303280000000001,false
0.0,6.351030000000001,false
10.08575,9.623940000000001,false
10.08575,9.623940000000001,false
10.08575,9.623940000000001,false
8.23739,8.89152,false
11.19248,9.091390000000002,false
1.39146,5.85778,false
10.08575,9.05448,false
9.92126,10.48255,false
10.08575,9.623940000000001,false
10.08575,10.290980000000001,false
10.08575,10.290980000000001,false
10.08575,10.290980000000001,false
10.08575,10.290980000000001,false
10.08575,9.623940000000001,false
10.08575,10.290980000000001,false
11.2919,13.204239999999997,false
11.2919,13.249529999999998,false
11.62164,12.529119999999999,false
11.2919,13.204239999999997,false
11.2919,13.204239999999997,false
11.00074,12.946349999999999,false
11.2919,13.269089999999997,false
11.81681,13.341299999999997,false
11.2919,13.204239999999997,false
11.2919,13.206859999999999,false
11.2919,13.204239999999997,false
12.386410000000001,12.35518,false
11.62164,13.839769999999998,false
11.2919,13.246909999999998,false
11.2919,13.204239999999997,false
11.2919,13.204239999999997,false
11.2919,13.241319999999998,false
11.62164,12.529119999999999,false
0.0,0.0,false
0.0,0.0,false
0.0,0.0,false
-0.68566,0.0418,false
-1.50985,0.48060999999999987,false
-1.00049,0.64805,false
-0.55713,0.33665,false
-0.35915,-0.07997,false
0.0,0.0,false
-0.60575,-0.02037,false
0.0,0.0,false
0.0,0.0,false
0.0,0.0,false
-0.55713,0.33665,false
-0.53862,0.13613999999999996,false
-0.35915,-0.10809,false
0.0,0.0,false
0.0,0.0,false
0.0,0.0,false
0.0,0.0,false
0.0,0.0,false
-0.4158,-0.08367,false
0.0,0.0,false
0.0,0.0,false
-0.35915,-0.1109,false
0.0,0.0,false
0.0,0.0,false
-0.53862,0.13613999999999996,false
0.0,0.0,false
0.0,0.0,false
0.0,0.0,false
0.72945,0.6461700000000001,false
0.0,0.0,false
0.0,0.0,false
-0.35915,-0.07963999999999999,false
0.0,0.0,false
0.0,0.0,false
0.0,0.0,false
0.0,0.0,false
0.0,0.0,false
-0.28212,0.054180000000000006,false
0.0,0.0,false
-0.55713,0.33665,false
0.0,0.0,false
-0.55713,0.33665,false
0.0,0.0,false
0.0,0.0,false
0.0,0.0,false
0.0,0.0,false
-0.31693,-0.03393,false
0.0,0.0,false
0.0,0.0,false
-0.55713,0.33665,false
0.27891,5.125360000000001,false
0.0,4.84443,false
0.0,4.84443,false
0.0,4.84443,false
2.04884,6.836640000000001,false
0.0,4.84443,false
0.0,4.8871,false
0.0,4.84443,false
2.04884,7.185950000000001,false
0.0,5.12585,false
0.27891,5.125360000000001,false
2.04884,6.836640000000001,false
0.27891,5.125360000000001,false
0.7176100000000001,4.9722800000000005,false
0.4021,4.8929,false
0.27891,5.125360000000001,false
0.0,4.8871,false
4.17058,5.959230000000001,false
6.6984,6.93737,false
0.14084,4.913,false
0.0,4.84443,false
0.68168,4.94801,false
0.0,4.84443,false
1.62677,5.27317,false
0.0,4.84443,false
0.0,4.84443,false
6.9519,8.847190000000001,false
5.360919999999999,8.13945,false
7.359500000000001,7.786650000000001,false
9.146080000000001,9.2025,false
4.8260700000000005,9.294569999999998,false
9.146080000000001,9.2025,false
9.865140000000002,10.470790000000001,false
12.059320000000001,10.58944,false
9.146080000000001,9.2025,false
9.146080000000001,9.2025,false
6.9519,8.9547,false
9.146080000000001,9.2025,false
5.360919999999999,8.13945,false
9.146080000000001,9.2025,false
6.9519,8.847190000000001,false
11.19492,11.19471,false
6.9519,8.988040000000002,false
9.146080000000001,9.2025,false
8.32517,7.959820000000001,false
10.0119,9.26415,false
6.9519,8.847190000000001,false
11.89499,9.571470000000001,false
9.611640000000001,8.918020000000002,false
7.261740000000001,9.121220000000001,false
10.28857,9.50054,false
8.32517,7.959820000000001,false
6.241600000000001,9.03068,false
2.06119,7.246860000000001,false
5.360919999999999,8.3564,false
8.32517,7.959820000000001,false
6.9519,8.847190000000001,false
9.75908,9.807120000000001,false
13.20753,11.49733,false
12.49022,12.0988,false
12.820340000000002,11.481270000000002,false
12.059320000000001,11.465449999999999,false
14.50179,12.21251,false
13.717640000000001,12.639830000000002,false
13.046649999999998,12.2259,false
13.885200000000001,12.18363,false
14.50179,12.23962,false
14.71578,12.030270000000002,false
14.50179,12.35636,false
14.71578,11.90554,false
14.10816,12.74037,false
9.937040000000001,10.57332,false
14.25942,11.82625,false
10.129840000000002,11.55322,false
12.73269,11.3477,false
13.046649999999998,12.260110000000001,false
14.25942,11.82625,false
12.059320000000001,10.93875,false
