RM_id,breadth,date,mean_F,std_F
RM6163,true,0,-0.018117848101265824,0.10077765505373938
RM6163,true,70,5.477782068965518,1.1736716257825248
RM6163,true,196,10.494319999999997,1.0086722427579458
RM6163,true,252,15.172501153846152,0.5966004778900328
RM6163,true,280,19.332176333333333,1.0467693483135867
RM6163,true,364,25.06232571428571,0.4484943548314896
RM6163,true,448,30.583877567567562,0.6569638901982925
RM6163,true,560,34.50549222222222,0.4562415802997846
RM6167,true,0,-0.018117848101265824,0.10077765505373937
RM6167,true,70,6.386989047619047,0.649232519956485
RM6167,true,196,10.95277909090909,0.9786758911099082
RM6167,true,252,13.753971842105264,1.3765098677233514
RM6167,true,280,16.458972571428564,1.2102526403760954
RM6167,true,364,21.28623352941176,0.7719155057383313
RM6167,true,448,25.768063225806454,0.5355372213356546
RM6167,true,560,28.807994285714283,1.0186495456691982
RM6167,true,616,30.761624411764704,0.896093778179532
RM6167,true,896,32.41776212121212,0.7402569714918167
RM6700,false,0,-0.018117848101265824,0.10077765505373937
RM6700,false,84,7.012973333333333,0.6096993806001172
RM6700,false,168,11.075429642857141,0.796846925759559
RM6700,false,280,15.280143333333335,1.143390005549685
RM6700,false,392,20.100678666666674,0.7126723295903087
RM6700,false,616,23.169217272727273,1.0146148003869275
RM6700,false,665,26.632205000000003,1.2827555019389103
RM6713,false,0,-0.018117848101265824,0.10077765505373938
RM6713,false,84,5.911593600000001,0.738891610070336
RM6713,false,168,7.719040588235293,0.5229360049841035
RM6713,false,280,10.40262525,1.0105862136581092
RM6713,false,336,14.408441212121215,0.6252168423722966
RM6713,false,392,17.971066279069767,1.009453183982542
RM6713,false,616,21.152514444444446,0.5312561958830244
RM6714,false,0,-0.018117848101265824,0.10077765505373938
RM6714,false,84,5.2753559999999995,0.4873371277887407
RM6714,false,168,10.047613448275863,0.775062511005568
RM6714,false,280,13.179191714285714,0.7075105292897046
RM6714,false,336,15.763041578947364,0.5837216146918662
RM6714,false,392,16.924274242424246,0.7486312124305194
RM6714,false,616,18.65446407407408,0.7191119203159239
RM6714,false,665,21.450825312499997,1.1657546079851488
RM6720,false,0,-0.018117848101265824,0.10077765505373937
RM6720,false,84,4.023705142857142,0.38713231668233516
RM6720,false,168,6.27131,1.0451569225277573
RM6720,false,280,9.376923125,0.8085109935902234
RM6720,false,336,10.810380416666666,1.1729080611194334
RM6720,false,392,13.886437499999998,0.5381576840016321
RM6720,false,616,16.929078750000002,0.6367987927446713
RM6720,false,665,21.339235555555558,1.458347700525419
CH848,true,17,-0.085176329113924,0.6411068787315141
CH848,true,22,0.03154542857142858,0.3408164293656429
CH848,true,32,0.0888588,0.2854483565761065
CH848,true,38,0.26865702127659574,0.9595825759648211
CH848,true,43,0.16968333333333332,0.35497397958562704
CH848,true,49,0.31105441176470583,0.5538394645819593
CH848,true,78,0.8305165789473686,1.3280826135942083
CH848,true,107,1.1770910526315788,1.1454813654784268
CH848,true,135,3.70852,1.714659531984598
CH848,true,194,6.045392682926829,0.8521818627001645
CH848,true,274,8.902190000000001,1.5540319137240162
CH848,true,358,14.666812352941175,0.9988086231167994
CH848,true,445,20.226961388888892,0.8359635426779012
CH848,true,526,25.055672499999993,0.6822320080820111
CH848,true,611,30.16779766666666,0.7720077379757077
CH848,true,700,34.98963677419355,0.6326750034543127
CH848,true,780,39.27108682926829,1.4025278736863651
CH848,true,794,42.179332500000015,2.3016354907017886
CH848,true,808,44.03612058823528,1.7190627771461218
CH848,true,836,48.67707903225806,1.5270807336578627
CH848,true,864,52.02670735294117,1.4816171846623265
CH848,true,893,54.36590078947368,1.3726980219347884
CH848,true,949,58.80695424242424,0.732793422284848
CH848,true,1120,61.48623810810812,0.7646476959570533
CH848,true,1305,63.82289689655174,0.39814162488368815
CH848,true,1432,66.58027680851065,0.7705796819112073
CH848,true,1621,69.13316363636363,0.9133238724325098
CH848,true,1635,71.33671627906976,1.7831571022620896
CH848,true,1651,71.4780119047619,1.8913423473383422
CH848,true,1677,73.32218155555555,1.6199137042938085
CH848,true,1720,76.58858058823532,1.8540035150111358
