HXB2,PRO,TF,mutation,RMs,RM6163,RM6167,RM6700,RM6713,RM6714,RM6720,mean_S
179,L,P,P179L,0.0195311,0.026004,0.019023,NaN,0.017395,NaN,0.019092,0.0203785
413,T,N,N413T,0.0169973,NaN,0.008626,0.013304,0.022327,0.013617,0.024089,0.0163926
413,S,N,N413S,0.0142727,0.009181,-0.002455,0.016615,0.016638,0.024541,0.022644,0.014527333333333331
137,S,D,D137S,0.012948,0.009530,0.006645,0.006050,0.006493,NaN,0.007843,0.0073122
462,T,N,N462T,0.0129188,0.009986,0.013114,0.005194,NaN,0.012775,NaN,0.01026725
407,N,S,S407N,0.0122163,0.005537,0.013594,NaN,0.024704,0.015022,0.005178,0.012806999999999999
336,E,R,R336E,0.0120163,0.004475,0.008728,0.010524,0.030285,0.018773,0.015889,0.014779
179,S,P,P179S,0.0118549,0.011882,NaN,0.010112,0.015587,0.007737,0.015952,0.012254000000000001
142f,A,V,V142fA,0.0115455,0.000353,NaN,0.017105,0.021127,0.000613,0.011165,0.0100726
462,D,N,N462D,0.0115008,0.012409,0.009452,0.004692,NaN,0.009434,0.033288,0.013855000000000001
336,K,R,R336K,0.0112566,0.001898,0.011464,0.012268,0.024229,0.012831,0.012271,0.0124935
462,S,N,N462S,0.0107387,0.016042,0.010303,0.005854,NaN,0.018827,0.028356,0.015876400000000002
145,N,S,S145N,0.0106496,0.008699,0.007942,-0.007199,0.024536,0.007901,0.010067,0.008657666666666666
325,N,D,D325N,0.0095247,0.007587,0.011747,-0.001176,NaN,-0.001142,NaN,0.004254
152,E,G,G152E,0.0093538,0.001189,0.001646,0.001179,NaN,0.021057,NaN,0.00626775
463,K,E,E463K,0.0093488,0.023849,0.009319,0.005635,-0.002344,0.009060,0.011248,0.009461166666666666
651,N,H,H651N,0.0091828,0.004275,0.013462,0.011455,0.006731,0.015599,NaN,0.0103044
407,T,S,S407T,0.0088602,0.005512,0.012398,0.001201,NaN,NaN,0.002988,0.00552475
411,N,T,T411N,0.0088051,0.009168,0.006619,0.007146,-0.004097,0.021047,0.005737,0.0076033333333333335
405,-,Y,Y405-,0.0087778,NaN,0.008732,0.013034,0.007225,0.012816,NaN,0.01045175
464,A,T,T464A,0.008747,NaN,-0.002787,0.005265,0.013328,NaN,0.007691,0.00587425
459a,I,T,T459aI,0.0085894,0.005123,NaN,NaN,0.008776,0.009227,0.034563,0.014422250000000001
399,D,-,-399D,0.0085128,0.013492,0.009398,0.006539,0.009958,NaN,NaN,0.00984675
169,K,E,E169K,0.0083864,0.005436,0.010286,0.009457,0.012929,0.002010,NaN,0.0080236
406,T,I,I406T,0.0077988,0.009519,0.002505,NaN,0.010417,0.023515,NaN,0.011489
142e,S,N,N142eS,0.0075917,0.005887,NaN,0.017240,0.012723,0.000706,0.001070,0.0075252
405,D,Y,Y405D,0.0073714,0.002231,0.021325,0.013805,NaN,0.009965,0.000489,0.009563
145,G,S,S145G,0.0073237,0.006461,0.012063,NaN,0.010913,0.006313,NaN,0.0089375
336,G,R,R336G,0.0071691,0.006201,0.004321,0.009415,0.023873,0.011841,0.009824,0.0109125
290,A,T,T290A,0.0071257,NaN,0.009431,0.010598,-0.001693,-0.003592,0.004610,0.0038707999999999998
405,H,Y,Y405H,0.0064799,NaN,-0.000289,0.009885,NaN,0.017211,-0.001457,0.0063375
459a,-,T,T459a-,0.0064288,0.008486,NaN,NaN,0.010444,0.013304,0.021729,0.01349075
185,G,D,D185G,0.0061238,0.000330,0.015839,0.001152,0.005471,NaN,NaN,0.005698
142f,-,V,V142f-,0.0060948,0.007013,NaN,0.010053,0.013175,-0.005176,0.007534,0.006519799999999999
276,D,N,N276D,0.0060121,0.003413,0.005507,-0.003745,0.015167,NaN,0.023831,0.008834600000000001
326,T,I,I326T,0.005996,0.000989,0.048606,-0.002114,-0.001369,0.000448,NaN,0.009311999999999999
448,K,N,N448K,0.0059551,NaN,0.010051,0.005611,0.006086,0.015899,NaN,0.00941175
409,S,N,N409S,0.005763,0.011796,0.016235,-0.002199,0.010665,-0.001589,NaN,0.0069816
372,T,A,A372T,0.0057366,0.000399,0.009325,0.012699,0.002657,0.008734,NaN,0.006762799999999999
6,S,N,N6S,0.0052765,NaN,0.000597,NaN,-0.002812,0.009274,0.005679,0.0031845
137,T,D,D137T,0.0052381,-0.001775,0.003472,0.007292,0.005479,NaN,NaN,0.0036170000000000004
344,D,E,E344D,0.00497,NaN,0.006326,0.001504,-0.005395,0.031585,NaN,0.008505
337,E,Q,Q337E,0.0048166,0.008743,-0.002267,0.005064,-0.001932,0.028520,NaN,0.007625600000000001
137,N,D,D137N,0.0046451,0.006730,0.005674,0.014096,0.011304,0.034087,-0.008661,0.010538333333333332
142g,-,N,N142g-,0.0045116,0.007933,NaN,0.006965,0.016697,0.008748,0.001415,0.008351599999999999
186b,N,S,S186bN,0.0043366,0.002807,0.011492,0.014843,-0.000738,NaN,0.007885,0.0072578
459b,-,K,K459b-,0.0043321,0.003679,NaN,NaN,0.007566,0.011428,0.003184,0.0064642499999999995
399,Y,-,-399Y,0.0043008,0.004345,0.000955,-0.000726,0.014359,NaN,NaN,0.00473325
145,-,S,S145-,0.0042545,0.007361,0.002340,-0.000596,0.010919,0.003634,NaN,0.0047316
142c,-,R,R142c-,0.0041001,0.017490,0.008471,0.002543,0.006082,-0.003817,0.007039,0.006301333333333332
142d,-,S,S142d-,0.0040804,0.012889,0.008970,0.005930,0.000686,0.000190,0.004923,0.005598
337,R,Q,Q337R,0.0038381,NaN,-0.000781,0.003261,-0.001429,0.030960,NaN,0.008002750000000001
135,R,T,T135R,0.0038054,0.001936,0.006527,0.001269,0.009846,0.005195,0.002190,0.004493833333333333
513,V,A,A513V,0.0037187,-0.001707,0.007191,-0.000553,-0.000734,0.003574,-0.001122,0.0011081666666666668
143,-,V,V143-,0.0037108,0.022301,0.004959,0.004773,0.002825,0.004984,0.001415,0.006876166666666667
141,T,V,V141T,0.0035727,0.016479,0.010388,-0.004172,0.000227,0.000318,0.001415,0.004109166666666666
337,K,Q,Q337K,0.0034541,0.011609,-0.001548,0.005931,-0.001002,NaN,NaN,0.0037475
344,K,E,E344K,0.0034216,NaN,0.005235,0.005990,NaN,0.028542,-0.002393,0.0093435
348,K,E,E348K,0.0032627,-0.003717,0.003900,-0.000536,NaN,0.012099,-0.004615,0.0014261999999999999
146,V,I,I146V,0.0032469,0.002358,-0.000920,0.004624,NaN,0.001812,NaN,0.0019684999999999998
139,-,S,S139-,0.0031454,0.010666,0.005925,-0.001562,NaN,-0.001225,NaN,0.003451
339,S,N,N339S,0.002967,0.005459,-0.009525,0.003831,0.004752,0.011329,0.003955,0.0033001666666666665
140,V,K,K140V,0.0029419,0.023914,-0.010084,-0.005155,0.001539,0.001266,-0.003822,0.0012763333333333337
139,N,S,S139N,0.0029042,0.012494,-0.005160,-0.002829,-0.000055,0.000319,0.001415,0.0010306666666666667
142e,-,N,N142e-,0.0028894,0.008893,NaN,0.009739,0.011151,-0.008093,0.007037,0.0057453999999999995
500,S,G,G500S,0.0028497,0.000324,0.003601,0.008561,-0.001205,-0.002005,NaN,0.0018552
135,I,T,T135I,0.0027137,-0.005936,0.003575,0.005638,0.008180,0.011330,0.002257,0.004174
146,-,I,I146-,0.0026082,0.003790,0.005759,0.004701,0.005850,-0.000542,NaN,0.0039115999999999995
341,A,T,T341A,0.002562,NaN,0.001615,-0.000872,0.003480,0.000401,NaN,0.0011560000000000001
340,E,K,K340E,0.0024999,NaN,-0.000143,0.006106,NaN,0.018911,0.005471,0.00758625
138,D,S,S138D,0.0024374,-0.007554,0.010995,0.002506,-0.000719,0.005336,NaN,0.0021127999999999997
293,K,E,E293K,0.0023496,0.001625,-0.005974,0.001342,NaN,0.007289,0.001483,0.001153
300,S,G,G300S,0.0022313,0.002442,NaN,-0.001176,NaN,0.003778,0.007765,0.0032022500000000002
140,N,K,K140N,0.0021848,0.022146,0.002372,-0.003193,NaN,0.002511,NaN,0.005958999999999999
461,N,S,S461N,0.0021108,-0.005903,-0.001274,0.004652,0.006501,0.000658,0.008676,0.002218333333333333
140,-,K,K140-,0.0019176,0.015217,0.007892,-0.003771,-0.000454,0.001020,NaN,0.0039808
190,K,E,E190K,0.0019097,0.003298,-0.002420,0.000187,-0.001369,0.002658,0.002351,0.0007841666666666668
142b,-,T,T142b-,0.0016969,0.016789,0.002390,-0.000074,0.000686,-0.001067,0.001415,0.0033564999999999997
397,D,G,G397D,0.0016676,0.003545,0.012481,-0.001607,NaN,-0.003273,NaN,0.0027865000000000003
348,V,E,E348V,0.0016452,-0.002297,0.003031,-0.000974,-0.000367,0.005491,-0.002738,0.0003576666666666667
460,T,N,N460T,0.0016014,NaN,0.002132,0.000694,NaN,0.004992,-0.003058,0.00119
141,-,V,V141-,0.0015683,0.013778,0.006329,-0.003752,0.000803,0.003235,NaN,0.0040786
140,S,K,K140S,0.0013226,0.006339,0.004506,-0.003503,NaN,0.004727,NaN,0.00301725
471,T,A,A471T,0.0013188,0.003017,NaN,0.005380,0.001317,-0.000504,NaN,0.0023025000000000003
339,K,N,N339K,0.0012526,0.005430,-0.008886,-0.000623,NaN,0.010129,0.000293,0.0012686000000000002
671,S,N,N671S,0.0012174,NaN,0.001053,NaN,0.001217,0.002968,0.003303,0.00213525
658,R,K,K658R,0.0011247,0.002807,-0.001293,0.000814,NaN,NaN,-0.000604,0.00043100000000000007
446,R,K,K446R,0.0009492,NaN,-0.002305,-0.001568,0.001681,NaN,0.007851,0.00141475
624,N,D,D624N,0.0008739,0.000106,-0.000709,-0.000303,-0.000402,0.000540,-0.000615,-0.00023050000000000002
595,I,M,M595I,0.0006486,-0.000923,0.005497,-0.013447,-0.000402,-0.000340,-0.000615,-0.001705
269,G,E,E269G,0.0003284,NaN,0.001954,-0.001094,0.001691,0.005600,0.003712,0.0023726
633,K,R,R633K,0.0001651,0.000025,-0.002597,0.001963,-0.002411,0.000973,0.000664,-0.00023050000000000002
482,K,E,E482K,-0.0001266,0.001120,-0.001181,NaN,-0.002498,-0.000559,NaN,-0.0007794999999999999
450,A,T,T450A,-0.0001819,-0.000581,-0.000235,-0.000181,0.000051,-0.000174,-0.000787,-0.0003178333333333333
347,-,K,K347-,-0.0002268,-0.002436,0.000412,0.000390,-0.000367,-0.002017,0.001731,-0.00038116666666666664
67,-,N,N67-,-0.0002708,-0.000581,-0.000235,-0.000181,-0.000361,-0.000174,-0.000327,-0.00030983333333333335
69,-,W,W69-,-0.0002708,-0.000581,-0.000235,-0.000181,-0.000361,-0.000174,-0.000327,-0.00030983333333333335
72,-,H,H72-,-0.0002708,-0.000616,-0.000235,-0.000181,-0.000155,-0.000174,-0.000327,-0.0002813333333333333
70,-,A,A70-,-0.0002971,-0.000616,-0.000235,-0.000181,-0.000361,-0.000174,-0.000327,-0.0003156666666666666
71,-,T,T71-,-0.0002971,-0.000616,-0.000235,-0.000181,-0.000361,-0.000174,-0.000327,-0.0003156666666666666
142a,-,D,D142a-,-0.0003379,0.017490,0.000541,-0.001734,0.000686,-0.001067,0.001415,0.0028885
220,-,P,P220-,-0.0003489,-0.000696,-0.000271,-0.000182,-0.000381,-0.000245,-0.000272,-0.0003411666666666667
221,-,A,A221-,-0.0003489,-0.000696,-0.000271,-0.000182,-0.000381,-0.000245,-0.000272,-0.0003411666666666667
239,S,C,C239S,-0.0004723,-0.000987,-0.000576,-0.000223,-0.000367,-0.000310,-0.000561,-0.000504
224,-,A,A224-,-0.0004811,-0.000696,-0.000271,-0.000715,-0.000381,-0.000245,-0.000272,-0.00043
97,-,K,K97-,-0.0005131,0.000785,0.001444,-0.000537,-0.000367,-0.000310,-0.000561,7.566666666666669e-5
536,M,T,T536M,-0.000517,-0.000923,-0.000458,-0.000303,-0.000402,-0.000340,-0.000615,-0.0005068333333333334
211,K,E,E211K,-0.000517,-0.000923,-0.000458,-0.000303,-0.000402,-0.000340,-0.000615,-0.0005068333333333334
214,H,P,P214H,-0.000517,-0.000923,-0.000458,-0.000303,-0.000402,-0.000340,-0.000615,-0.0005068333333333334
430,I,V,V430I,-0.000517,-0.000923,-0.000458,-0.000303,-0.000402,-0.000340,-0.000615,-0.0005068333333333334
641,I,T,T641I,-0.0005498,-0.000923,-0.000458,-0.000303,-0.000402,0.000678,-0.000615,-0.00033716666666666666
268,-,K,K268-,-0.0005695,-0.000923,0.000237,-0.000303,-0.000589,0.002373,-0.000615,3.0000000000000024e-5
223,-,Y,Y223-,-0.0006252,-0.000696,-0.001491,-0.000182,-0.000381,-0.000245,-0.000272,-0.0005445
512,V,A,A512V,-0.0006455,-0.000854,-0.000277,-0.000276,-0.000367,-0.005453,-0.000561,-0.0012980000000000001
222,-,G,G222-,-0.0006657,-0.000696,-0.000271,-0.000182,0.000925,-0.000245,-0.002748,-0.0005361666666666667
505,M,V,V505M,-0.0007012,-0.000923,-0.000458,0.001538,-0.000402,-0.000340,-0.000615,-0.0002
343,R,Q,Q343R,-0.0007194,0.001815,-0.001302,-0.000863,NaN,NaN,0.000733,9.575e-5
365,V,A,A365V,-0.0007459,-0.000923,-0.000327,-0.000832,-0.002517,-0.000340,-0.000615,-0.0009256666666666668
96,R,W,W96R,-0.000746,-0.001331,-0.000661,-0.000434,-0.000575,-0.000486,-0.000880,-0.0007278333333333333
96,G,W,W96G,-0.000746,-0.001331,-0.000661,-0.000434,-0.000575,-0.000486,-0.000880,-0.0007278333333333333
706,K,N,N706K,-0.0007781,-0.000665,-0.000458,-0.000303,-0.000402,-0.000340,-0.000615,-0.0004638333333333334
304,-,R,R304-,-0.0007908,-0.000854,-0.000424,-0.000290,-0.000367,-0.000724,-0.000545,-0.000534
68,-,V,V68-,-0.0008787,-0.000581,-0.001326,-0.000181,-0.000361,-0.000579,-0.000583,-0.0006018333333333332
133,D,N,N133D,-0.0009725,-0.003792,-0.001681,-0.002453,-0.007195,-0.004796,-0.000604,-0.0034201666666666664
333,V,I,I333V,-0.001245,-0.003702,-0.008876,0.003553,NaN,NaN,0.001550,-0.00186875
409,D,N,N409D,-0.001272,0.007623,0.005956,-0.006832,NaN,0.000915,NaN,0.0019155
689,I,V,V689I,-0.0013032,-0.000035,0.000730,-0.000437,-0.001054,-0.006741,NaN,-0.0015073999999999999
138,N,S,S138N,-0.0013182,-0.006893,0.007758,0.002279,-0.001424,NaN,NaN,0.00043000000000000015
305,E,K,K305E,-0.0013267,-0.000854,-0.000424,-0.000131,-0.000367,-0.000164,-0.000726,-0.0004443333333333333
477,N,D,D477N,-0.0013683,-0.000923,-0.000458,-0.000586,-0.002087,-0.000340,-0.000615,-0.0008348333333333334
459c,-,N,N459c-,-0.0014224,0.005104,NaN,NaN,0.005969,0.005326,0.008976,0.00634375
699,-,F,F699-,-0.0014438,-0.000854,-0.002226,-0.000276,-0.000367,0.000184,-0.000561,-0.0006833333333333334
136,S,V,V136S,-0.0014823,0.001304,0.003287,0.001092,0.000520,-0.002820,0.001415,0.0007996666666666665
73,-,A,A73-,-0.001521,-0.000616,-0.000235,-0.000181,-0.002751,-0.000279,-0.000327,-0.0007314999999999999
275,K,E,E275K,-0.0015391,-0.017357,-0.000458,-0.000303,0.000154,0.000286,-0.000615,-0.0030488333333333335
408,I,T,T408I,-0.0019284,-0.002627,NaN,0.000995,0.001206,-0.001811,NaN,-0.00055925
3,A,V,V3A,-0.0022023,NaN,-0.001635,NaN,0.003750,-0.004715,-0.004808,-0.001852
460,K,N,N460K,-0.0025039,-0.005903,-0.009934,-0.000404,-0.002577,NaN,NaN,-0.0047045
410,N,S,S410N,-0.0025281,NaN,0.009064,NaN,0.007196,0.002332,-0.000714,0.0044695
335,G,E,E335G,-0.0026271,-0.000343,0.003933,NaN,0.016921,-0.007060,NaN,0.0033627499999999994
138,V,S,S138V,-0.0026445,-0.001792,-0.012112,-0.002812,0.001682,0.003811,0.003871,-0.0012253333333333333
201,I,V,V201I,-0.0027057,0.001778,0.000884,NaN,0.001497,-0.004729,NaN,-0.00014249999999999983
335,K,E,E335K,-0.00284,0.001115,NaN,0.002230,0.006703,-0.005131,NaN,0.0012292499999999999
291,P,S,S291P,-0.0032293,-0.001337,-0.006211,0.004282,-0.000402,0.008170,-0.000442,0.0006766666666666666
138,R,S,S138R,-0.0036043,-0.012616,-0.002507,0.000497,0.002037,NaN,NaN,-0.00314725
134,T,A,A134T,-0.0038964,-0.004585,-0.007329,-0.001886,0.001354,0.002147,-0.006622,-0.002820166666666667
507,G,E,E507G,-0.0042728,NaN,0.000333,NaN,0.001170,-0.003060,-0.001600,-0.00078925
142,-,Y,Y142-,-0.0044736,0.018678,0.003371,-0.005644,0.000686,-0.003313,0.001415,0.0025321666666666665
134,V,A,A134V,-0.0055312,-0.013068,-0.011889,-0.001026,-0.000324,NaN,0.000081,-0.0052452
144,-,T,T144-,-0.0059806,-0.002071,-0.005419,0.003213,0.000686,-0.002813,0.001415,-0.0008315000000000001
