individual,id,types,date,mutation,selection,selection_RMs
RM6163,RM6163.8,glycan_shield,448,T142bN,0.0223799,0.0021169
RM6163,RM6163.9,glycan_holes,252,V143-,0.0223006,0.0037108
RM6163,RM6163.11,glycan_holes,560,N462P,0.0206732,0.013759
RM6163,RM6163.22,glycan_shift,252,N462S,0.0160417,0.0107387
RM6163,RM6163.35,glycan_holes,280,N462D,0.012409,0.0115008
RM6163,RM6163.38,glycan_holes,196,N409S,0.0117956,0.005763
RM6163,RM6163.45,glycan_shift,280,N462T,0.0099864,0.0129188
RM6163,RM6163.49,glycan_holes,196,N413S,0.009181,0.0142727
RM6163,RM6163.50,glycan_holes,448,T411N,0.0091683,0.0088051
RM6163,RM6163.60,glycan_holes,252,N142g-,0.0079328,0.0045116
RM6163,RM6163.63,glycan_holes,196,N409D,0.0076234,-0.001272
RM6163,RM6163.65,bnAbs_resistance,448,D325N,0.0075866,0.0095247
RM6163,RM6163.71,glycan_holes,280,S461-,0.0067452,0.0060238
RM6163,RM6163.72,glycan_shield,196,D137N,0.0067304,0.0046451
RM6163,RM6163.73,glycan_holes,280,T464E,0.0066002,0.0076592
RM6163,RM6163.78,glycan_shield,252,Y142N,0.0063393,-0.0007009
RM6163,RM6163.79,glycan_holes,448,T144A,0.0062646,-0.0015486
RM6163,RM6163.88,glycan_holes,448,N339S,0.0054588,0.002967
RM6163,RM6163.90,glycan_holes,280,N339K,0.00543,0.0012526
RM6163,RM6163.92,glycan_holes,196,N459c-,0.0051044,-0.0014224
RM6163,RM6163.93,glycan_holes,196,N460-,0.005092,0.0014266
RM6163,RM6163.96,glycan_shift,70,S613N,0.0047554,0.0014256
RM6163,RM6163.102,glycan_holes,448,N289S,0.0039332,0.0075099
RM6163,RM6163.111,glycan_holes,70,N611D,0.0034371,0.0028357
RM6163,RM6163.112,glycan_holes,70,N276D,0.0034133,0.0060121
RM6163,RM6163.115,glycan_holes,448,N147-,0.0033871,0.002679
RM6163,RM6163.120,glycan_holes,448,T464G,0.0031814,0.0064252
RM6163,RM6163.123,glycan_holes,448,T135N,0.0029728,0.0045635
RM6163,RM6163.126,glycan_shield,560,S186bN,0.0028068,0.0043366
RM6163,RM6163.127,glycan_holes,560,N392S,0.0028068,0.0036644
RM6163,RM6163.130,glycan_holes,448,N386D,0.0026367,0.0018661
RM6163,RM6163.133,glycan_holes,70,S189R,0.0023804,0.0004935
RM6163,RM6163.139,glycan_holes,280,T398A,0.0021281,0.0037577
RM6163,RM6163.144,glycan_holes,280,T135R,0.0019359,0.0038054
RM6163,RM6163.146,glycan_holes,70,S189N,0.0018411,-0.0005863
RM6163,RM6163.155,glycan_holes,70,N674T,0.0013605,-0.0002665
RM6163,RM6163.166,glycan_holes,252,N442S,0.000906,0.0008708
RM6163,RM6163.173,glycan_holes,280,S132R,0.0006143,0.0067866
RM6163,RM6163.174,glycan_holes,364,T394A,0.0005867,-0.0009818
RM6163,RM6163.187,glycan_holes,70,N187S,0.0001704,0.0012706
RM6163,RM6163.190,glycan_holes,448,S291A,5.28e-5,0.0004347
RM6163,RM6163.207,glycan_holes,70,N459cD,-0.0002454,0.0002977
RM6163,RM6163.209,glycan_holes,196,S388A,-0.0005362,0.0006805
RM6163,RM6163.210,glycan_holes,70,T135A,-0.0006407,0.005814
RM6163,RM6163.211,glycan_holes,70,N187D,-0.0006965,0.000702
RM6163,RM6163.233,glycan_holes,280,T144-,-0.0020706,-0.0059806
RM6163,RM6163.234,glycan_holes,448,S291F,-0.0022919,-0.0011146
RM6163,RM6163.238,glycan_holes,280,T341I,-0.0026431,0.0008698
RM6163,RM6163.240,glycan_holes,70,T444I,-0.0033204,-0.0011371
RM6163,RM6163.244,glycan_holes,280,N133D,-0.0037916,-0.0009725
RM6163,RM6163.248,glycan_holes,196,T464N,-0.0042494,0.0043839
RM6163,RM6163.249,glycan_holes,280,N133S,-0.004298,-0.0007909
RM6163,RM6163.253,glycan_holes,196,N459cT,-0.0058902,0.0045868
RM6163,RM6163.255,glycan_holes,196,S461N,-0.0059027,0.0021108
RM6163,RM6163.256,glycan_holes,196,T135I,-0.0059357,0.0027137
RM6163,RM6163.260,glycan_holes,252,T135Y,-0.0090777,0.0013271
RM6163,RM6163.261,glycan_holes,252,N133K,-0.0122751,-0.0021731
RM6167,RM6167.11,glycan_holes,70,K459cT,0.0169072,0.0
RM6167,RM6167.14,glycan_holes,70,N409S,0.0162353,0.005763
RM6167,RM6167.19,glycan_holes,252,N289K,0.0141148,0.0078563
RM6167,RM6167.20,glycan_holes,280,S334G,0.0139384,0.0022729
RM6167,RM6167.26,glycan_shift,252,N462T,0.0131141,0.0129188
RM6167,RM6167.39,bnAbs_resistance,560,D325N,0.0117475,0.0095247
RM6167,RM6167.41,glycan_shield,252,S186bN,0.0114918,0.0043366
RM6167,RM6167.44,glycan_shield,196,Y405N,0.0113271,0.0071651
RM6167,RM6167.52,glycan_shift,252,N462S,0.0103026,0.0107387
RM6167,RM6167.56,glycan_holes,70,N448K,0.0100505,0.0059551
RM6167,RM6167.61,glycan_holes,70,S461G,0.0097594,0.0056401
RM6167,RM6167.64,glycan_holes,616,N448S,0.0096103,0.0081807
RM6167,RM6167.66,glycan_holes,196,N462D,0.0094517,0.0115008
RM6167,RM6167.71,glycan_shield,616,S410N,0.0090637,-0.0025281
RM6167,RM6167.74,glycan_holes,364,T135N,0.0089263,0.0045635
RM6167,RM6167.78,glycan_holes,70,N413T,0.0086261,0.0169973
RM6167,RM6167.94,glycan_holes,560,-142gI,0.007812,0.0
RM6167,RM6167.108,glycan_holes,252,S132R,0.0070647,0.0067866
RM6167,RM6167.109,glycan_shield,560,T142bN,0.0068683,0.0021169
RM6167,RM6167.110,glycan_holes,364,N356D,0.0068101,0.0059875
RM6167,RM6167.113,glycan_holes,616,L277P,0.0067252,0.0007944
RM6167,RM6167.114,glycan_shield,364,I406N,0.0066982,0.008138
RM6167,RM6167.117,glycan_holes,196,T411N,0.0066192,0.0088051
RM6167,RM6167.118,glycan_shield,196,V136N,0.0066164,0.0032051
RM6167,RM6167.121,glycan_holes,196,T135R,0.006527,0.0038054
RM6167,RM6167.123,glycan_holes,896,N147-,0.0064858,0.002679
RM6167,RM6167.124,glycan_holes,448,T135W,0.0064825,0.003597
RM6167,RM6167.131,glycan_holes,70,N409D,0.0059561,-0.001272
RM6167,RM6167.136,glycan_shield,196,D137N,0.0056736,0.0046451
RM6167,RM6167.140,glycan_holes,70,N276D,0.0055067,0.0060121
RM6167,RM6167.145,glycan_shield,196,Y142N,0.0053835,-0.0007009
RM6167,RM6167.146,glycan_holes,616,-142gA,0.005347,0.0
RM6167,RM6167.148,glycan_holes,280,N130I,0.0052532,0.0037909
RM6167,RM6167.151,glycan_holes,196,K459c-,0.005196,0.0
RM6167,RM6167.153,glycan_holes,616,N276S,0.0050056,0.0034028
RM6167,RM6167.154,glycan_holes,280,T411I,0.0050028,0.0048639
RM6167,RM6167.155,glycan_holes,196,V143-,0.0049585,0.0037108
RM6167,RM6167.161,glycan_holes,364,N356S,0.0046971,0.0057274
RM6167,RM6167.180,glycan_holes,448,S132K,0.0040782,0.0051014
RM6167,RM6167.187,glycan_holes,364,S334N,0.0038244,0.0013968
RM6167,RM6167.188,glycan_holes,896,T149A,0.0037538,0.0036057
RM6167,RM6167.192,glycan_holes,896,N392Y,0.0037091,0.0030916
RM6167,RM6167.194,glycan_holes,196,K459cI,0.00367,0.0
RM6167,RM6167.195,glycan_holes,196,T135G,0.0036392,0.0045966
RM6167,RM6167.198,glycan_holes,70,T135I,0.0035748,0.0027137
RM6167,RM6167.203,glycan_holes,896,N241D,0.0033433,0.0026996
RM6167,RM6167.216,glycan_holes,896,T398I,0.0027863,0.0024501
RM6167,RM6167.218,glycan_holes,196,N396S,0.002689,-0.001393
RM6167,RM6167.229,glycan_holes,616,N160D,0.0022914,0.0001309
RM6167,RM6167.235,glycan_holes,196,T398N,0.0020348,0.0021064
RM6167,RM6167.238,glycan_holes,560,N147S,0.0019385,0.0006767
RM6167,RM6167.249,glycan_holes,252,N625D,0.0016858,0.0004595
RM6167,RM6167.253,glycan_holes,196,T341A,0.0016149,0.002562
RM6167,RM6167.254,glycan_holes,196,T135Y,0.0015599,0.0013271
RM6167,RM6167.255,glycan_shift,560,-142gT,0.0015411,0.0
RM6167,RM6167.260,glycan_holes,252,N88D,0.0014007,-0.0002392
RM6167,RM6167.268,glycan_holes,448,S132H,0.0011437,0.0043121
RM6167,RM6167.276,glycan_holes,196,N413Y,0.0008079,0.0161721
RM6167,RM6167.281,glycan_holes,560,T236A,0.0007067,-0.0002229
RM6167,RM6167.287,glycan_holes,196,N339Y,0.000557,0.0014974
RM6167,RM6167.291,glycan_holes,448,S189G,0.0003991,-0.0002167
RM6167,RM6167.299,glycan_holes,196,N409T,0.0002179,-0.0014354
RM6167,RM6167.305,glycan_holes,364,N674S,0.0001401,0.003579
RM6167,RM6167.315,glycan_holes,560,N332-,-0.0001477,-0.0010053
RM6167,RM6167.322,glycan_holes,196,N413D,-0.0002893,0.0128693
RM6167,RM6167.325,glycan_holes,196,T278A,-0.0004407,0.004293
RM6167,RM6167.334,glycan_holes,364,T144A,-0.0007438,-0.0015486
RM6167,RM6167.348,glycan_holes,196,S461N,-0.0012739,0.0021108
RM6167,RM6167.356,glycan_holes,364,T358I,-0.0015178,0.0042309
RM6167,RM6167.359,glycan_shield,252,T408N,-0.0015516,-0.0034479
RM6167,RM6167.362,glycan_holes,196,N133D,-0.0016806,-0.0009725
RM6167,RM6167.363,glycan_holes,560,N386D,-0.0017392,0.0018661
RM6167,RM6167.365,glycan_holes,896,N332S,-0.0018888,-0.0010972
RM6167,RM6167.370,glycan_holes,196,T394I,-0.0022777,-0.0006103
RM6167,RM6167.376,glycan_holes,896,T144V,-0.0024183,-0.0023203
RM6167,RM6167.378,glycan_holes,70,N413S,-0.002455,0.0142727
RM6167,RM6167.384,glycan_holes,196,N339I,-0.0026579,0.0022415
RM6167,RM6167.386,glycan_holes,70,T464A,-0.0027872,0.008747
RM6167,RM6167.388,glycan_holes,616,N187D,-0.0028342,0.000702
RM6167,RM6167.390,glycan_holes,560,N234D,-0.0029122,-0.0026041
RM6167,RM6167.393,glycan_holes,616,S613G,-0.003229,-0.0008521
RM6167,RM6167.394,glycan_holes,196,N230S,-0.0032602,-0.0034197
RM6167,RM6167.396,glycan_holes,560,I333-,-0.0036411,-0.0008508
RM6167,RM6167.405,glycan_holes,364,N637D,-0.0046676,0.0003365
RM6167,RM6167.410,glycan_holes,196,T144-,-0.0054187,-0.0059806
RM6167,RM6167.417,glycan_holes,196,N339K,-0.0088864,0.0012526
RM6167,RM6167.418,glycan_holes,196,N339S,-0.0095254,0.002967
RM6700,RM6700.6,glycan_holes,392,N413Y,0.0166602,0.0161721
RM6700,RM6700.7,glycan_holes,168,N413S,0.0166147,0.0142727
RM6700,RM6700.11,glycan_shield,616,S186bN,0.0148429,0.0043366
RM6700,RM6700.12,glycan_shield,280,D137N,0.0140964,0.0046451
RM6700,RM6700.14,glycan_holes,168,N413T,0.0133038,0.0169973
RM6700,RM6700.20,glycan_holes,280,N413K,0.0117788,0.0121029
RM6700,RM6700.21,glycan_shield,616,I150T,0.0117265,0.0046915
RM6700,RM6700.25,glycan_holes,84,N413H,0.0111877,0.0134027
RM6700,RM6700.30,glycan_holes,665,T144N,0.0105834,-0.0009193
RM6700,RM6700.33,glycan_holes,665,N142gV,0.0104051,0.0061234
RM6700,RM6700.34,glycan_shield,392,Y405N,0.0102659,0.0071651
RM6700,RM6700.46,glycan_holes,616,S132G,0.0094082,0.0053719
RM6700,RM6700.49,glycan_holes,665,N462I,0.008945,0.0110762
RM6700,RM6700.50,glycan_holes,665,T149G,0.0088465,0.0066929
RM6700,RM6700.56,glycan_holes,616,T464E,0.0080333,0.0076592
RM6700,RM6700.58,glycan_holes,665,T144D,0.0077792,-0.0012825
RM6700,RM6700.59,glycan_shield,168,I406N,0.0076038,0.008138
RM6700,RM6700.65,glycan_holes,84,T411N,0.0071459,0.0088051
RM6700,RM6700.66,glycan_holes,280,N142g-,0.006965,0.0045116
RM6700,RM6700.67,glycan_holes,616,S132N,0.0068295,0.0038081
RM6700,RM6700.71,glycan_holes,616,S461K,0.0064269,0.0038635
RM6700,RM6700.72,glycan_holes,392,T464N,0.0062582,0.0043839
RM6700,RM6700.81,glycan_shift,280,N462S,0.0058544,0.0107387
RM6700,RM6700.83,glycan_holes,84,T135I,0.0056375,0.0027137
RM6700,RM6700.85,glycan_holes,84,N448K,0.0056112,0.0059551
RM6700,RM6700.86,glycan_holes,616,T464I,0.0056111,0.004936
RM6700,RM6700.91,glycan_shift,616,N142gT,0.0053361,0.0059768
RM6700,RM6700.95,glycan_holes,280,T464A,0.0052649,0.008747
RM6700,RM6700.97,glycan_shift,280,N462T,0.0051942,0.0129188
RM6700,RM6700.102,glycan_holes,280,V143-,0.0047728,0.0037108
RM6700,RM6700.103,glycan_holes,616,T144G,0.0047313,-0.0013894
RM6700,RM6700.105,glycan_holes,280,N462D,0.0046922,0.0115008
RM6700,RM6700.106,glycan_holes,392,S461N,0.0046517,0.0021108
RM6700,RM6700.113,glycan_holes,168,S291A,0.0039065,0.0004347
RM6700,RM6700.116,glycan_holes,84,N339S,0.0038313,0.002967
RM6700,RM6700.117,glycan_holes,616,S461E,0.0037194,0.0043065
RM6700,RM6700.126,glycan_holes,280,T144-,0.0032134,-0.0059806
RM6700,RM6700.129,glycan_shield,665,A281T,0.0027944,0.004048
RM6700,RM6700.131,glycan_holes,665,N147V,0.0027606,0.0030449
RM6700,RM6700.132,glycan_holes,665,T149D,0.0027606,0.005923
RM6700,RM6700.139,glycan_holes,168,N289S,0.0025274,0.0075099
RM6700,RM6700.141,increase_VL,616,N279D,0.0025105,-0.0015043
RM6700,RM6700.146,glycan_holes,280,T135Y,0.0023079,0.0013271
RM6700,RM6700.155,glycan_holes,616,N637D,0.0020168,0.0003365
RM6700,RM6700.158,glycan_holes,280,K459c-,0.0019142,0.0
RM6700,RM6700.159,glycan_holes,616,T398A,0.0018773,0.0037577
RM6700,RM6700.161,glycan_holes,280,N339D,0.0018393,0.0023957
RM6700,RM6700.162,glycan_holes,616,N160S,0.0018072,0.000936
RM6700,RM6700.166,glycan_holes,84,T411I,0.0014927,0.0048639
RM6700,RM6700.170,glycan_holes,280,T135R,0.0012694,0.0038054
RM6700,RM6700.171,glycan_holes,392,N289K,0.0012501,0.0078563
RM6700,RM6700.172,glycan_holes,280,T398-,0.0012205,0.0035005
RM6700,RM6700.178,glycan_holes,168,T394I,0.0011417,-0.0006103
RM6700,RM6700.183,glycan_holes,280,S461G,0.0009989,0.0056401
RM6700,RM6700.185,glycan_holes,616,T464P,0.0008746,0.0037916
RM6700,RM6700.189,glycan_holes,84,N448S,0.0007434,0.0081807
RM6700,RM6700.190,glycan_holes,392,N289T,0.0007127,0.0041473
RM6700,RM6700.191,glycan_holes,392,K231-,0.0007095,0.0013401
RM6700,RM6700.201,glycan_holes,280,N625S,0.0004002,0.0011875
RM6700,RM6700.203,glycan_shield,392,I272N,0.0003844,-0.0060636
RM6700,RM6700.207,glycan_holes,616,N147-,0.0003128,0.002679
RM6700,RM6700.210,glycan_holes,280,K459cR,0.0002686,0.0
RM6700,RM6700.221,glycan_holes,280,N396I,0.0001309,-0.0007419
RM6700,RM6700.226,glycan_holes,392,N230-,6.27e-5,-0.0016944
RM6700,RM6700.227,glycan_holes,392,T232-,6.27e-5,3.09e-5
RM6700,RM6700.229,glycan_holes,392,N234-,6.27e-5,-0.0012866
RM6700,RM6700.230,glycan_holes,392,G235-,6.27e-5,0.0002819
RM6700,RM6700.231,glycan_holes,392,T236-,6.27e-5,-9.6e-5
RM6700,RM6700.233,glycan_holes,392,N241-,6.27e-5,0.0013653
RM6700,RM6700.234,glycan_holes,392,V242-,6.27e-5,3.09e-5
RM6700,RM6700.235,glycan_holes,392,S243-,6.27e-5,3.09e-5
RM6700,RM6700.240,glycan_holes,84,N448D,2.1e-6,0.0034587
RM6700,RM6700.250,glycan_holes,280,N396Y,-0.0003019,-0.0020843
RM6700,RM6700.256,glycan_holes,84,T415M,-0.0004032,0.0031408
RM6700,RM6700.258,glycan_holes,616,T149A,-0.0004114,0.0036057
RM6700,RM6700.264,glycan_holes,280,G397-,-0.0005214,0.001292
RM6700,RM6700.269,glycan_holes,280,N339K,-0.0006225,0.0012526
RM6700,RM6700.272,glycan_holes,616,N147D,-0.0007664,-0.0003237
RM6700,RM6700.280,glycan_holes,280,T341A,-0.0008719,0.002562
RM6700,RM6700.282,glycan_holes,280,N133S,-0.0009596,-0.0007909
RM6700,RM6700.283,glycan_holes,392,K459cI,-0.001008,0.0
RM6700,RM6700.286,glycan_holes,392,K459cA,-0.001072,0.0
RM6700,RM6700.288,glycan_holes,280,N133K,-0.0011319,-0.0021731
RM6700,RM6700.293,bnAbs_resistance,616,D325N,-0.0011758,0.0095247
RM6700,RM6700.304,glycan_holes,280,N460-,-0.0016874,0.0014266
RM6700,RM6700.312,glycan_holes,280,S334N,-0.0020835,0.0013968
RM6700,RM6700.315,glycan_holes,616,N409S,-0.0021988,0.005763
RM6700,RM6700.317,glycan_holes,616,N356D,-0.0023777,0.0059875
RM6700,RM6700.318,glycan_holes,280,N133D,-0.0024529,-0.0009725
RM6700,RM6700.325,glycan_shield,280,Y142N,-0.0028155,-0.0007009
RM6700,RM6700.329,glycan_holes,616,K459cD,-0.0029703,0.0
RM6700,RM6700.333,glycan_holes,280,N339E,-0.0032118,-0.0008748
RM6700,RM6700.341,glycan_holes,84,K459cT,-0.0036531,0.0
RM6700,RM6700.342,glycan_holes,84,N276D,-0.003745,0.0060121
RM6700,RM6700.348,glycan_holes,616,N130K,-0.0054864,0.0007942
RM6700,RM6700.353,glycan_holes,616,N130I,-0.0065853,0.0037909
RM6700,RM6700.354,glycan_holes,616,N409D,-0.0068317,-0.001272
RM6700,RM6700.357,glycan_holes,616,T149V,-0.0080479,-0.0034975
RM6713,RM6713.3,glycan_shift,168,N142gS,0.0297335,0.0080347
RM6713,RM6713.9,glycan_holes,336,N413T,0.0223273,0.0169973
RM6713,RM6713.12,glycan_shift,168,N142gT,0.0189839,0.0059768
RM6713,RM6713.13,glycan_holes,168,T135A,0.0179855,0.005814
RM6713,RM6713.19,glycan_holes,280,N142g-,0.0166968,0.0045116
RM6713,RM6713.20,glycan_holes,392,N413S,0.016638,0.0142727
RM6713,RM6713.24,glycan_holes,280,N276D,0.0151669,0.0060121
RM6713,RM6713.28,glycan_holes,392,T464A,0.0133276,0.008747
RM6713,RM6713.37,glycan_shield,280,D137N,0.0113042,0.0046451
RM6713,RM6713.44,glycan_holes,392,N409S,0.0106655,0.005763
RM6713,RM6713.49,glycan_holes,280,T135R,0.0098464,0.0038054
RM6713,RM6713.52,glycan_holes,168,T135I,0.0081799,0.0027137
RM6713,RM6713.53,glycan_holes,616,T135N,0.0081692,0.0045635
RM6713,RM6713.55,glycan_shield,392,I406N,0.0075851,0.008138
RM6713,RM6713.60,glycan_shield,392,S410N,0.0071957,-0.0025281
RM6713,RM6713.64,glycan_holes,336,S461N,0.0065007,0.0021108
RM6713,RM6713.65,glycan_holes,280,N276S,0.0064934,0.0034028
RM6713,RM6713.69,glycan_holes,392,N448K,0.0060862,0.0059551
RM6713,RM6713.72,glycan_holes,392,N459c-,0.0059686,-0.0014224
RM6713,RM6713.77,glycan_holes,336,T278A,0.0053997,0.004293
RM6713,RM6713.79,glycan_holes,336,T358I,0.0050982,0.0042309
RM6713,RM6713.81,glycan_holes,280,N339S,0.0047522,0.002967
RM6713,RM6713.89,glycan_holes,392,T341A,0.0034798,0.002562
RM6713,RM6713.97,glycan_holes,392,N459cK,0.0029493,-0.0004436
RM6713,RM6713.99,glycan_holes,280,V143-,0.0028255,0.0037108
RM6713,RM6713.114,glycan_holes,168,N459cS,0.0017674,-0.0002701
RM6713,RM6713.123,glycan_holes,336,N459cI,0.0015163,-0.0004306
RM6713,RM6713.126,glycan_holes,168,N448D,0.0014492,0.0034587
RM6713,RM6713.146,glycan_holes,616,S461G,0.0008593,0.0056401
RM6713,RM6713.152,glycan_holes,280,T144-,0.0006864,-0.0059806
RM6713,RM6713.159,glycan_shield,616,K31T,0.0005226,-0.0048417
RM6713,RM6713.161,glycan_shield,616,V136N,0.000364,0.0032051
RM6713,RM6713.162,glycan_holes,280,N88D,0.0002952,-0.0002392
RM6713,RM6713.165,glycan_holes,168,S132N,0.0002749,0.0038081
RM6713,RM6713.227,glycan_shield,616,S186bN,-0.0007383,0.0043366
RM6713,RM6713.243,glycan_holes,336,N262K,-0.0013839,0.0001222
RM6713,RM6713.252,glycan_holes,280,T676A,-0.0017295,-0.0012156
RM6713,RM6713.254,glycan_holes,168,N133S,-0.0018047,-0.0007909
RM6713,RM6713.261,glycan_holes,616,N674D,-0.002127,0.0006951
RM6713,RM6713.262,glycan_holes,280,T444I,-0.0021435,-0.0011371
RM6713,RM6713.274,glycan_holes,336,S132G,-0.0031783,0.0053719
RM6713,RM6713.280,glycan_holes,616,T411N,-0.0040975,0.0088051
RM6713,RM6713.292,glycan_holes,280,N133D,-0.0071951,-0.0009725
RM6714,RM6714.1,glycan_shield,280,D137N,0.0340873,0.0046451
RM6714,RM6714.10,glycan_holes,336,N413S,0.0245411,0.0142727
RM6714,RM6714.15,glycan_holes,336,T411N,0.0210471,0.0088051
RM6714,RM6714.16,glycan_holes,665,N413I,0.0207193,0.0147046
RM6714,RM6714.19,glycan_shift,392,N462S,0.0188268,0.0107387
RM6714,RM6714.22,glycan_holes,392,N448S,0.0186524,0.0081807
RM6714,RM6714.23,glycan_holes,336,K340-,0.0182448,0.0024778
RM6714,RM6714.24,glycan_holes,280,N413D,0.0176021,0.0128693
RM6714,RM6714.26,glycan_holes,336,N413K,0.0168498,0.0121029
RM6714,RM6714.29,glycan_holes,392,N448K,0.0158991,0.0059551
RM6714,RM6714.37,glycan_holes,280,N413T,0.0136175,0.0169973
RM6714,RM6714.41,glycan_shift,168,N142gS,0.0130886,0.0080347
RM6714,RM6714.44,glycan_shift,168,N462T,0.0127751,0.0129188
RM6714,RM6714.46,glycan_shield,665,Y405N,0.0123799,0.0071651
RM6714,RM6714.55,glycan_holes,168,T135I,0.0113302,0.0027137
RM6714,RM6714.56,glycan_holes,168,N339S,0.0113295,0.002967
RM6714,RM6714.59,glycan_holes,336,N339K,0.0101294,0.0012526
RM6714,RM6714.62,glycan_holes,616,S132R,0.0096872,0.0067866
RM6714,RM6714.63,glycan_holes,168,N462D,0.0094336,0.0115008
RM6714,RM6714.69,glycan_holes,168,N459cT,0.0089201,0.0045868
RM6714,RM6714.70,glycan_holes,280,N142g-,0.0087478,0.0045116
RM6714,RM6714.72,glycan_holes,616,N130I,0.0084169,0.0037909
RM6714,RM6714.77,glycan_holes,168,T411A,0.0078663,0.0051174
RM6714,RM6714.82,glycan_holes,392,N339D,0.0072753,0.0023957
RM6714,RM6714.84,glycan_holes,336,N339-,0.0069068,0.0011198
RM6714,RM6714.86,glycan_holes,280,N459cS,0.0068213,-0.0002701
RM6714,RM6714.89,glycan_holes,616,T398K,0.0064287,0.0047328
RM6714,RM6714.91,glycan_holes,616,N459cI,0.0063069,-0.0004306
RM6714,RM6714.92,glycan_holes,336,N409T,0.0059107,-0.0014354
RM6714,RM6714.98,glycan_holes,168,N459c-,0.0053261,-0.0014224
RM6714,RM6714.99,glycan_holes,280,T135R,0.0051952,0.0038054
RM6714,RM6714.101,glycan_holes,616,T398A,0.00505,0.0037577
RM6714,RM6714.102,glycan_holes,168,N637S,0.0050324,0.0004238
RM6714,RM6714.104,glycan_holes,280,V143-,0.0049844,0.0037108
RM6714,RM6714.106,glycan_holes,336,T135M,0.0047426,0.0034479
RM6714,RM6714.110,glycan_shield,336,V143N,0.0041431,0.0025126
RM6714,RM6714.119,glycan_holes,336,T398-,0.0037508,0.0035005
RM6714,RM6714.123,glycan_holes,616,T398I,0.0036279,0.0024501
RM6714,RM6714.129,glycan_holes,336,N442Y,0.0031683,0.0019773
RM6714,RM6714.139,glycan_holes,280,S334N,0.0024715,0.0013968
RM6714,RM6714.141,glycan_shield,280,S410N,0.0023322,-0.0025281
RM6714,RM6714.149,glycan_holes,665,T278A,0.0019858,0.004293
RM6714,RM6714.163,glycan_holes,168,N409D,0.0009149,-0.001272
RM6714,RM6714.164,glycan_holes,336,S334-,0.0009036,0.0007432
RM6714,RM6714.166,glycan_holes,168,S461N,0.0006581,0.0021108
RM6714,RM6714.174,glycan_holes,392,T341A,0.0004014,0.002562
RM6714,RM6714.180,glycan_holes,336,N289D,0.0001723,0.0044644
RM6714,RM6714.188,glycan_holes,84,S158A,-0.0001748,-0.0014901
RM6714,RM6714.195,glycan_holes,336,T303-,-0.0004428,-0.0014404
RM6714,RM6714.218,glycan_holes,336,N332-,-0.0004428,-0.0010053
RM6714,RM6714.219,glycan_holes,336,I333-,-0.0004428,-0.0008508
RM6714,RM6714.237,bnAbs_resistance,168,D325N,-0.0011417,0.0095247
RM6714,RM6714.241,glycan_holes,168,N409S,-0.0015888,0.005763
RM6714,RM6714.243,glycan_holes,665,N625S,-0.0016726,0.0011875
RM6714,RM6714.247,glycan_holes,336,G397-,-0.0019686,0.001292
RM6714,RM6714.249,increase_VL,616,N279D,-0.0019758,-0.0015043
RM6714,RM6714.250,glycan_holes,336,N396I,-0.0019848,-0.0007419
RM6714,RM6714.255,glycan_holes,280,T144-,-0.0028126,-0.0059806
RM6714,RM6714.258,glycan_shield,280,T142bN,-0.0028205,0.0021169
RM6714,RM6714.259,glycan_holes,280,N88S,-0.0028621,-0.0013024
RM6714,RM6714.264,glycan_holes,336,N147S,-0.0032099,0.0006767
RM6714,RM6714.267,glycan_holes,616,N396K,-0.0033054,-0.0013998
RM6714,RM6714.271,glycan_holes,336,T144V,-0.0036539,-0.0023203
RM6714,RM6714.278,glycan_holes,280,T144A,-0.0045661,-0.0015486
RM6714,RM6714.282,glycan_holes,280,N133D,-0.0047958,-0.0009725
RM6714,RM6714.289,glycan_holes,280,N625T,-0.0065638,-0.0006555
RM6720,RM6720.3,glycan_holes,392,N462D,0.0332877,0.0115008
RM6720,RM6720.5,glycan_shift,665,N462S,0.0283563,0.0107387
RM6720,RM6720.6,glycan_holes,280,N413T,0.0240893,0.0169973
RM6720,RM6720.7,glycan_holes,392,N276D,0.0238309,0.0060121
RM6720,RM6720.10,glycan_holes,168,N413H,0.0228469,0.0134027
RM6720,RM6720.11,glycan_holes,168,N413S,0.0226436,0.0142727
RM6720,RM6720.25,glycan_holes,84,T415M,0.0130771,0.0031408
RM6720,RM6720.27,glycan_holes,336,N459cK,0.0129226,-0.0004436
RM6720,RM6720.38,glycan_holes,336,N459cT,0.0096672,0.0045868
RM6720,RM6720.39,glycan_holes,665,S461R,0.009551,0.0045979
RM6720,RM6720.42,glycan_holes,392,N459c-,0.0089756,-0.0014224
RM6720,RM6720.46,glycan_holes,392,S461N,0.0086764,0.0021108
RM6720,RM6720.47,glycan_holes,336,N187K,0.0084004,0.001832
RM6720,RM6720.48,glycan_shield,168,S186bN,0.0078853,0.0043366
RM6720,RM6720.55,glycan_holes,665,T464A,0.0076908,0.008747
RM6720,RM6720.60,glycan_holes,392,T464I,0.0073679,0.004936
RM6720,RM6720.64,glycan_holes,336,N459cS,0.0063219,-0.0002701
RM6720,RM6720.67,glycan_holes,616,T411N,0.0057374,0.0088051
RM6720,RM6720.84,glycan_holes,168,N339S,0.0039549,0.002967
RM6720,RM6720.92,glycan_holes,168,T444I,0.0028897,-0.0011371
RM6720,RM6720.93,glycan_holes,616,N339I,0.0025596,0.0022415
RM6720,RM6720.97,glycan_holes,616,T135I,0.0022571,0.0027137
RM6720,RM6720.101,glycan_holes,336,T135R,0.0021897,0.0038054
RM6720,RM6720.102,glycan_holes,84,N339H,0.0021169,0.0013305
RM6720,RM6720.115,glycan_holes,336,N142g-,0.0014149,0.0045116
RM6720,RM6720.116,glycan_holes,336,V143-,0.0014149,0.0037108
RM6720,RM6720.117,glycan_holes,336,T144-,0.0014149,-0.0059806
RM6720,RM6720.120,glycan_holes,336,T358A,0.0008512,0.0020525
RM6720,RM6720.122,glycan_holes,84,N187T,0.0006733,0.0005633
RM6720,RM6720.125,glycan_holes,84,N339K,0.0002925,0.0012526
RM6720,RM6720.127,glycan_holes,616,S291A,6.52e-5,0.0004347
RM6720,RM6720.129,glycan_shield,84,P8S,-5.61e-5,0.0055466
RM6720,RM6720.132,glycan_holes,616,N160K,-0.0002621,-0.0004046
RM6720,RM6720.139,glycan_holes,616,N133D,-0.0006038,-0.0009725
RM6720,RM6720.144,glycan_shield,84,S410N,-0.0007137,-0.0025281
RM6720,RM6720.163,glycan_holes,616,N460-,-0.003362,0.0014266
RM6720,RM6720.176,glycan_holes,616,S189N,-0.0069934,-0.0005863
RM6720,RM6720.178,glycan_shield,168,D137N,-0.0086613,0.0046451
